title,question,palette,correctNodes,correctLinks,explanation
静的Webホスティング,静的コンテンツを世界中に低遅延で配信する構成を構築してください。,ユーザー|S3|EC2|CloudFront|RDS,ユーザー|CloudFront|S3,ユーザー>CloudFront:アクセス|CloudFront>S3:取得,CloudFrontをエッジとして配置しオリジンにS3を指定します。画像などが世界中にキャッシュされS3への直接アクセス負荷も軽減されます。
高可用性Webサーバー,トラフィックを複数インスタンスに分散し単一障害点のないWeb環境を構築してください。,ユーザー|ALB|EC2 (AZ-A)|EC2 (AZ-C)|RDS,ユーザー|ALB|EC2 (AZ-A)|EC2 (AZ-C),ユーザー>ALB:HTTPS|ALB>EC2 (AZ-A):転送|ALB>EC2 (AZ-C):転送,ALBでトラフィックを受け背後の異なるAZに配置された複数のEC2へ分散させるのがスケーラビリティの基本構成です。
データベースの高可用性,アプリのバックエンドとして自動フェイルオーバーを備えた高可用性DBを構築してください。,EC2|RDS (Primary)|RDS (Standby)|ElastiCache|S3,EC2|RDS (Primary)|RDS (Standby),EC2>RDS (Primary):読書|RDS (Primary)>RDS (Standby):同期,RDSをMulti-AZ化しプライマリとスタンバイ間で同期レプリケーションを行います。障害時は自動的にフェイルオーバーします。
リードレプリカの活用,EC2からRDSへの「読み取り」リクエストが急増しています。読み取り負荷を分散させてください。,EC2|RDS (Primary)|RDS (Replica)|DynamoDB|S3,EC2|RDS (Primary)|RDS (Replica),EC2>RDS (Primary):書込|EC2>RDS (Replica):読取,RDSのリードレプリカを追加しEC2からの読み取りトラフィックをレプリカにルーティングしてプライマリの負荷を下げます。
インメモリキャッシュ導入,頻繁にアクセスされるDBの読み取り負荷を下げるためインメモリキャッシュを導入してください。,EC2|ElastiCache|RDS|S3|DynamoDB,EC2|ElastiCache|RDS,EC2>ElastiCache:参照|ElastiCache>RDS:取得,EC2とRDSの間にElastiCacheを配置しクエリ結果をメモリ上に保持してミリ秒未満の高速応答を実現します。
スケーラブルなファイル共有,複数のEC2インスタンスから同時にマウントできる共有ファイルシステムを構築してください。,EC2 (AZ-A)|EC2 (AZ-C)|EFS|EBS|S3,EC2 (AZ-A)|EC2 (AZ-C)|EFS,EC2 (AZ-A)>EFS:マウント|EC2 (AZ-C)>EFS:マウント,Amazon EFSは複数のAZにあるEC2から同時にマウント可能なフルマネージドのネットワークファイルシステムです。
ブロックストレージのバックアップ,EC2にアタッチされたディスクのバックアップを定期的に取得し耐久性の高い場所に保存してください。,EC2|EBS|S3|EFS|Backup,EC2|EBS|S3,EC2>EBS:マウント|EBS>S3:スナップショット,EC2のシステムディスクであるEBSのバックアップはスナップショットとして耐久性の高いS3に自動保存されます。
グローバルなDNSルーティング,ユーザーを最もレイテンシの低いエンドポイントにルーティングするDNS構成を作成してください。,ユーザー|Route 53|CloudFront (US)|CloudFront (JP)|ALB,ユーザー|Route 53|CloudFront (US)|CloudFront (JP),ユーザー>Route 53:名前解決|Route 53>CloudFront (US):誘導|Route 53>CloudFront (JP):誘導,Route 53のレイテンシールーティングを活用し世界中のユーザーを最も近いエッジのCloudFrontへ誘導します。
大容量ファイルの高速配信,動画などの大容量メディアファイルをS3に保存し世界中のユーザーに高速に配信してください。,ユーザー|CloudFront|S3|EC2|Route 53,ユーザー|CloudFront|S3,ユーザー>CloudFront:配信|CloudFront>S3:取得,静的サイトと同様に動画配信(VOD)においてもS3をオリジンとしたCloudFront構成がベストプラクティスとなります。
Webアプリケーションの保護,CDN配信コンテンツをSQLインジェクションやXSSから保護してください。,ユーザー|WAF|CloudFront|S3|Shield,ユーザー|WAF|CloudFront,ユーザー>WAF:検査|WAF>CloudFront:許可,AWS WAFをCloudFrontにアタッチし悪意のあるWebリクエストをエッジロケーションでインスペクションしてブロックします。
DDoS攻撃からの包括的保護,アプリを大規模なDDoS攻撃から保護するためエッジレイヤーで防御してください。,ユーザー|Shield|CloudFront|ALB|WAF,ユーザー|Shield|CloudFront|ALB,ユーザー>Shield:防御|Shield>CloudFront:許可|CloudFront>ALB:転送,AWS Shield AdvancedはCloudFrontやALBと統合しインフラストラクチャレイヤーの大規模なDDoS攻撃を効果的に緩和します。
グローバルTCP/UDP高速化,海外ユーザー向けにAWSグローバル網を活用して非HTTPトラフィックを高速化してください。,ユーザー|Global Accelerator|ALB (US)|ALB (JP)|CloudFront,ユーザー|Global Accelerator|ALB (US)|ALB (JP),ユーザー>Global Accelerator:Anycast|Global Accelerator>ALB (US):転送|Global Accelerator>ALB (JP):転送,AWS Global Acceleratorはエッジを利用して複数のリージョンのALBへ通信を高速にルーティングし静的なAnycast IPを提供します。
コンテナ化されたWebアプリ,Dockerコンテナを実行しトラフィックを分散させるための構成を作成してください。,ユーザー|ALB|ECS (Task 1)|ECS (Task 2)|EC2,ユーザー|ALB|ECS (Task 1)|ECS (Task 2),ユーザー>ALB:HTTPS|ALB>ECS (Task 1):分散|ALB>ECS (Task 2):分散,ALBで受けたトラフィックをAmazon ECSで稼働する複数のコンテナタスクへ分散ルーティングします。
コンテナイメージの展開,Dockerイメージをセキュアに保存しECSへデプロイするための構成を作成してください。,開発者|ECR|ECS|S3|ALB,開発者|ECR|ECS,開発者>ECR:Push|ECR>ECS:Pull,Amazon ECRにDockerイメージをプッシュしそこからECSタスクがイメージをプルしてコンテナを起動します。
サーバーレスAPI,マネージドサービスを用いてデータの読み書きができるサーバーレスAPI環境を構築してください。,ユーザー|API Gateway|Lambda|DynamoDB|EC2,ユーザー|API Gateway|Lambda|DynamoDB,ユーザー>API Gateway:リクエスト|API Gateway>Lambda:発火|Lambda>DynamoDB:読書,API Gatewayでリクエストを受けLambdaで処理しDynamoDBでデータを永続化する王道のサーバーレス構成です。
サーバーレスユーザー認証,Webアプリにサインアップとサインイン機能を追加してください。,ユーザー|Cognito|API Gateway|Lambda|IAM,ユーザー|Cognito|API Gateway|Lambda,ユーザー>Cognito:認証|Cognito>API Gateway:認可トークン|API Gateway>Lambda:実行,Amazon Cognitoでユーザープールを作成しAPI Gatewayの認可機能として統合しセキュアなアクセスを実現します。
リアルタイム双方向通信,チャットアプリのためにWebSocketを用いた双方向通信を実現してください。,ユーザー|API Gateway|Lambda|EC2|ElastiCache,ユーザー|API Gateway|Lambda,ユーザー>API Gateway:WebSocket|API Gateway>Lambda:双方向通信,API GatewayのWebSocket APIを使用してLambdaをバックエンドとしたステートフルな双方向通信をサーバーレスで実装できます。
非同期処理による負荷分散,大量リクエストを取りこぼさないようキューを挟んでバックエンドに非同期で渡す構成を作ってください。,ユーザー|API Gateway|SQS|Lambda|RDS,ユーザー|API Gateway|SQS|Lambda,ユーザー>API Gateway:受付|API Gateway>SQS:キューイング|SQS>Lambda:非同期処理,SQSをシステム間に挟むことでスパイクアクセス時でもリクエストをバッファリングしシステム全体を疎結合に保つことができます。
ファンアウトパターンの構築,アップロードデータに対しスケーリングを妨げず複数の処理を並行して発火させる構成を構築してください。,API Gateway|SNS|SQS (処理A)|SQS (処理B)|EC2,API Gateway|SNS|SQS (処理A)|SQS (処理B),API Gateway>SNS:発行|SNS>SQS (処理A):配信|SNS>SQS (処理B):配信,SNSから複数のSQSへメッセージを同時配信することで送信元システムを改修せず複数の非同期処理を並列実行できます。
スケジュールバッチ処理,深夜0時に自動で特定スクリプトを実行するサーバーレスなバッチ処理構成を作成してください。,EventBridge|Lambda|EC2|SQS|SNS,EventBridge|Lambda,EventBridge>Lambda:Cron実行,Amazon EventBridgeのCron式を使用してLambda関数を定期的にトリガーします。EC2のCronを使うよりも管理オーバーヘッドが不要です。
ストリーミングデータのリアルタイム処理,クリックストリームデータをリアルタイムで収集し処理するアーキテクチャを作成してください。,デバイス|Kinesis|Lambda|S3|EC2,デバイス|Kinesis|Lambda,デバイス>Kinesis:ストリーム送信|Kinesis>Lambda:リアルタイム処理,Amazon Kinesis Data Streamsでストリームを収集しLambdaを使用してリアルタイムにデータの変換や処理を行います。
サーバーレスETLパイプライン,S3のデータを抽出・変換し別のS3に保存するサーバーレスなパイプラインを作ってください。,S3 (入力)|Glue|S3 (出力)|Athena|EMR,S3 (入力)|Glue|S3 (出力),S3 (入力)>Glue:抽出|Glue>S3 (出力):保存,AWS GlueはフルマネージドのETLサービスです。S3のデータを読み取りサーバーレスで変換ジョブを実行して出力先に保存します。
ビッグデータ分散処理,ペタバイト級のデータに対しApache Sparkを用いた分散処理を行ってください。,管理者|EMR|S3|EC2|Glue,管理者|EMR|S3,管理者>EMR:ジョブ投入|EMR>S3:データ読取,Amazon EMRはビッグデータフレームワークをマネージドで提供しS3上のデータに対し高度でスケーラブルな分散処理を実行できます。
マイクロサービス間の状態管理,複数のサービスが連携する複雑なワークフローのステートを管理してください。,EventBridge|Step Functions|Lambda (Task 1)|Lambda (Task 2)|EC2,EventBridge|Step Functions|Lambda (Task 1)|Lambda (Task 2),EventBridge>Step Functions:起動|Step Functions>Lambda (Task 1):順次実行|Step Functions>Lambda (Task 2):順次実行,AWS Step Functionsは複数のLambda関数やAWSサービスをステートマシンとして視覚的にオーケストレーションし状態を管理します。
完全マネージドなメッセージブローカー,既存のActiveMQアプリをリファクタリングなしでAWSへ移行してください。,オンプレミス|MQ|EC2|SQS|SNS,オンプレミス|MQ|EC2,オンプレミス>MQ:通信|MQ>EC2:処理,Amazon MQはActiveMQ互換のフルマネージドサービスであり既存のオンプレミスメッセージングアプリの移行に最適です。
APIの証跡ログ保存,AWSアカウント内のAPIコール履歴を安全に長期間保存する構成を作成してください。,IAM|CloudTrail|S3|CloudWatch|EC2,IAM|CloudTrail|S3,IAM>CloudTrail:API実行記録|CloudTrail>S3:ログ保存,CloudTrailはAWS内のAPIアクティビティを記録しそのログファイルを改ざん防止機能のあるセキュアなS3に配信・保存します。
システム管理タスクの自動化,パッチ適用など複数EC2のOSレベルの管理を自動化および一元化してください。,Systems Manager|EC2 (Web)|EC2 (DB)|CloudWatch|IAM,Systems Manager|EC2 (Web)|EC2 (DB),Systems Manager>EC2 (Web):パッチ適用|Systems Manager>EC2 (DB):パッチ適用,AWS Systems Managerはフリートマネージャーとして複数のEC2インスタンスの可視化とパッチ適用などのOS管理を自動化します。
秘匿情報の安全な管理,DBへ接続する際のパスワードを安全に管理し自動ローテーションさせる構成を作成してください。,EC2|Secrets Manager|RDS|IAM|KMS,EC2|Secrets Manager|RDS,EC2>Secrets Manager:認証情報取得|Secrets Manager>RDS:自動ローテーション,Secrets Managerを使用することで認証情報をハードコードせず安全に取得できRDSのパスワード自動ローテーションも可能です。
オンプレミスとの専用線接続,オンプレミスとVPCをインターネットを経由しないセキュアな専用線で接続してください。,オンプレミス|Direct Connect|VPC|VPN|Internet Gateway,オンプレミス|Direct Connect|VPC,オンプレミス>Direct Connect:専用線|Direct Connect>VPC:接続,AWS Direct Connectを使用することでオンプレミスとVPC間に一貫した低レイテンシかつプライベートな専用ネットワーク接続を確立できます。
ハイブリッド網の冗長化,主回線に専用線を使い副回線にインターネット経由の暗号化通信を用いる冗長化構成を作成してください。,オンプレミス|Direct Connect|VPN|VPC|Internet Gateway,オンプレミス|Direct Connect|VPN|VPC,オンプレミス>Direct Connect:主回線|オンプレミス>VPN:副回線|Direct Connect>VPC:接続|VPN>VPC:接続,Direct Connectを主回線とし障害時のバックアップとしてVPNをスタンバイさせることで高可用性なネットワークを実現します。
ハイブリッドクラウドのストレージ拡張,オンプレミスの容量不足を解消するためAWSの無制限ストレージをローカルキャッシュ付きで見せてください。,オンプレミス|Storage Gateway|S3|EBS|EFS,オンプレミス|Storage Gateway|S3,オンプレミス>Storage Gateway:NFSマウント|Storage Gateway>S3:バックエンド保存,AWS Storage GatewayをオンプレミスにデプロイすることでS3をローカルのファイルサーバーとしてシームレスに利用できます。
マルチVPCのルーティング統合,増え続ける複数のVPCをハブアンドスポーク型で一元的にルーティング管理してください。,オンプレミス|Transit Gateway|VPC (開発)|VPC (本番)|VPN,オンプレミス|Transit Gateway|VPC (開発)|VPC (本番),オンプレミス>Transit Gateway:VPN接続|Transit Gateway>VPC (開発):ルーティング|Transit Gateway>VPC (本番):ルーティング,Transit Gatewayを中心のハブとして配置し各VPC間の複雑なピアリングを排除してルーティングをシンプルに統合できます。
プライベートサブネットからの通信,プライベートサブネットのEC2群から安全にインターネット経由でOSパッチをダウンロードしてください。,EC2 (A)|EC2 (B)|NAT Gateway|Internet Gateway|VPC Endpoint,EC2 (A)|EC2 (B)|NAT Gateway|Internet Gateway,EC2 (A)>NAT Gateway:送信|EC2 (B)>NAT Gateway:送信|NAT Gateway>Internet Gateway:インターネットへ,プライベートなEC2からのアウトバウンド通信はパブリックサブネットに配置したNAT Gatewayを経由してIGWへ向かう構成が必要です。
VPC内のセキュアなS3アクセス,インターネットを経由せずにVPC内のEC2からS3バケットへ直接アクセスする構成を作成してください。,EC2|VPC Endpoint|S3|NAT Gateway|Internet Gateway,EC2|VPC Endpoint|S3,EC2>VPC Endpoint:通信|VPC Endpoint>S3:アクセス,VPCエンドポイント（ゲートウェイ型）を使用することでVPCとS3間のトラフィックがAWSのグローバルネットワーク内に留まりセキュアになります。
スケーラブルなNoSQL設計,急激なトラフィック変動に対応できる完全マネージドなキーバリューストアを配置してください。,API Gateway|DynamoDB|RDS|ElastiCache|EC2,API Gateway|DynamoDB,API Gateway>DynamoDB:データ操作,DynamoDBは任意の規模で1桁ミリ秒のパフォーマンスを提供するサーバーレスNoSQLデータベースです。オンデマンドキャパシティでスパイクにも対応します。
データレイクでのクエリ分析,S3に保存された大量のCSVデータに対しサーバーを立てずに直接SQLクエリを実行してください。,管理者|Athena|S3|RDS|EC2,管理者|Athena|S3,管理者>Athena:SQLクエリ|Athena>S3:スキャン,Amazon Athenaを使用すると管理者が標準SQLを使ってS3上のデータに対して直接分析クエリを実行でき事前のインフラ構築は不要です。
機密データの自動検出,S3に保存されたデータからクレジットカード番号などの個人情報を自動検出して保護してください。,Macie|S3|EventBridge|SNS|CloudWatch,Macie|S3|EventBridge|SNS,Macie>S3:機密データ監査|Macie>EventBridge:検知イベント|EventBridge>SNS:アラート通知,Amazon Macieは機械学習を使用してS3バケット内の機密データを自動検出しその結果をEventBridge経由でルーティングします。
脅威のインテリジェント検知,VPCフローログなどを継続的に分析し悪意のあるIPからの通信などを自動で検知してください。,GuardDuty|VPC|EventBridge|SNS|WAF,GuardDuty|VPC|EventBridge|SNS,GuardDuty>VPC:フローログ監視|GuardDuty>EventBridge:脅威検知|EventBridge>SNS:通知,Amazon GuardDutyは機械学習を活用した脅威検出サービスです。VPCフローログなどを監視し異常な振る舞いを特定します。
インフラの構成変更管理,AWSリソースの設定変更履歴を記録し意図しない構成変更を監査できるようにしてください。,EC2|Config|SNS|CloudWatch|Systems Manager,EC2|Config|SNS,EC2>Config:変更記録|Config>SNS:非準拠アラート,AWS ConfigはAWSリソースの設定を継続的に監視記録し定義されたセキュリティルールへの非準拠を検知してアラートを発砲できます。
Sorryページの自動表示,メインのWebアプリがダウンした際自動的にS3のメンテナンスページを表示させるDR構成を作成してください。,ユーザー|Route 53|ALB|S3 (Sorry)|CloudFront,ユーザー|Route 53|ALB|S3 (Sorry),ユーザー>Route 53:名前解決|Route 53>ALB:正常時(主)|Route 53>S3 (Sorry):異常時(副),Route 53のフェイルオーバールーティングを使用しALBのヘルスチェックに失敗した場合はセカンダリのS3へトラフィックを流します。
静的コンテンツと動的APIの統合,WebフロントはS3でAPIはAPI Gatewayで処理したいが同じドメインでアクセスさせたいです。,ユーザー|CloudFront|S3|API Gateway|Route 53,ユーザー|CloudFront|S3|API Gateway,ユーザー>CloudFront:アクセス|CloudFront>S3:パス(画像)|CloudFront>API Gateway:パス(API),CloudFrontのビヘイビア（パスパターン）設定によりリクエストのURLパスに応じてAPI GatewayとS3へルーティングを分岐させることができます。
予測スケーリングの導入,予測可能なトラフィック増加に合わせて事前に複数AZのEC2をスケールアウトさせる構成を作成してください。,ユーザー|ALB|Auto Scaling|EC2 (AZ-A)|EC2 (AZ-C),ユーザー|ALB|Auto Scaling|EC2 (AZ-A)|EC2 (AZ-C),ユーザー>ALB:トラフィック|ALB>Auto Scaling:メトリクス|Auto Scaling>EC2 (AZ-A):事前起動|Auto Scaling>EC2 (AZ-C):事前起動,Auto Scalingの予測スケーリングを使用すると過去のトラフィックパターンを機械学習で分析し需要が急増する前にEC2をスケールアウトします。
大容量データの物理的な移行,ペタバイト級のオンプレミスデータをAWSへ移行したいがネットワーク帯域が足りません。,オンプレミス|Snowball Edge|S3|Direct Connect|VPN,オンプレミス|Snowball Edge|S3,オンプレミス>Snowball Edge:ローカル転送|Snowball Edge>S3:物理配送インポート,AWS Snowball Edgeなどの物理アプライアンスをデータセンターに配送させローカルでデータを移した後AWSに返送してS3にインポートします。
遅延のないグローバルデータベース,世界中のユーザーが書き込みを行うため複数リージョンにまたがるアクティブなDBを構築してください。,アプリ (US)|アプリ (JP)|DynamoDB (US)|DynamoDB (JP)|RDS,アプリ (US)|アプリ (JP)|DynamoDB (US)|DynamoDB (JP),アプリ (US)>DynamoDB (US):読書|アプリ (JP)>DynamoDB (JP):読書|DynamoDB (US)>DynamoDB (JP):双方向同期|DynamoDB (JP)>DynamoDB (US):双方向同期,DynamoDBグローバルテーブルを使用することで複数リージョンにまたがる完全マネージドなマルチアクティブデータベースを構築できます。
ECSでのサーバーレスコンテナ実行,EC2の管理をしたくありません。コンテナ化アプリをサーバーレスで実行してください。,ユーザー|ALB|ECS|Fargate (Task 1)|Fargate (Task 2),ユーザー|ALB|ECS|Fargate (Task 1)|Fargate (Task 2),ユーザー>ALB:通信|ALB>ECS:ルーティング|ECS>Fargate (Task 1):実行|ECS>Fargate (Task 2):実行,ECSの起動タイプとしてAWS Fargateを選択することで基盤となるEC2サーバーのプロビジョニングを意識することなくコンテナを実行できます。
Auroraの高速フェイルオーバー,障害発生時にRDSより高速にフェイルオーバーできストレージが自動拡張されるRDB構成を作成してください。,EC2|Aurora (Primary)|Aurora (Replica)|S3|ElastiCache,EC2|Aurora (Primary)|Aurora (Replica),EC2>Aurora (Primary):読書|Aurora (Primary)>Aurora (Replica):非同期レプリ,Amazon AuroraはクラウドネイティブなリレーショナルDBです。ストレージがコンピュートから分離されており非常に高速なフェイルオーバーが可能です。
GraphQL APIの構築,単一のエンドポイントから複数データソースの情報を柔軟に取得できるAPI環境を構築してください。,ユーザー|AppSync|DynamoDB|Lambda|API Gateway,ユーザー|AppSync|DynamoDB|Lambda,ユーザー>AppSync:GraphQLクエリ|AppSync>DynamoDB:データ取得|AppSync>Lambda:データ取得,AWS AppSyncを使用するとGraphQLベースのサーバーレスAPIを構築し1つのリクエストからDynamoDBやLambdaへデータを分岐取得できます。
EKSでのKubernetes基盤,オープンソースのK8sを利用しつつコントロールプレーンの管理をAWSに任せてください。,ユーザー|ALB|EKS|EC2 (Node 1)|EC2 (Node 2),ユーザー|ALB|EKS|EC2 (Node 1)|EC2 (Node 2),ユーザー>ALB:通信|ALB>EKS:ルーティング|EKS>EC2 (Node 1):Pod配置|EKS>EC2 (Node 2):Pod配置,Amazon EKSを使用すると標準のK8s環境をフルマネージドのコントロールプレーンで実行でき既存のK8sツールをそのまま利用できます。
DynamoDBのインメモリアクセス,DynamoDBへの読み取りが急増しました。アプリを書き換えずにレイテンシを改善してください。,API Gateway|DAX|DynamoDB|ElastiCache|EC2,API Gateway|DAX|DynamoDB,API Gateway>DAX:キャッシュ読取|DAX>DynamoDB:キャッシュミス時読取,DynamoDB Accelerator (DAX) はDynamoDB互換のインメモリキャッシュです。APIが互換性を持つためアプリのコード改修を最小限に抑えて導入できます。
VPCフローログの分析パイプライン,VPCフローログをリアルタイム収集し加工を施した上でログ分析基盤へ送信してください。,VPC|CloudWatch|Firehose|OpenSearch|S3,VPC|CloudWatch|Firehose|OpenSearch,VPC>CloudWatch:フローログ出力|CloudWatch>Firehose:連携|Firehose>OpenSearch:分析基盤へ,VPCフローログをCloudWatch Logsに出力しそこからKinesis Firehoseを経由してAmazon OpenSearch Serviceに流すことで高度なログ分析が可能になります。
S3クロスリージョンレプリケーション,コンプライアンス要件を満たすためS3バケットの全オブジェクトを別リージョンへ自動複製してください。,ユーザー|S3 (Tokyo)|S3 (Osaka)|EC2,ユーザー|S3 (Tokyo)|S3 (Osaka),ユーザー>S3 (Tokyo):アップロード|S3 (Tokyo)>S3 (Osaka):非同期複製,S3のクロスリージョンレプリケーション(CRR)を有効化すると新規オブジェクトが非同期で別リージョンのバケットに複製されます。
Transit GatewayでのVPN集約,各VPCが個別にVPNを持たないようTransit Gatewayを介してオンプレミスと複数VPCを接続してください。,オンプレミス|VPN|Transit Gateway|複数VPC|Internet Gateway,オンプレミス|VPN|Transit Gateway|複数VPC,オンプレミス>VPN:暗号化通信|VPN>Transit Gateway:終端|Transit Gateway>複数VPC:ルーティング,Transit GatewayにVPNをアタッチすることで全てのスポークVPCが回線を共有しネットワーク管理を最適化できます。
Step Functionsのエラーハンドリング,Lambda処理中に一時的なエラーが発生した場合に再試行を行うフローを作成してください。,EventBridge|Step Functions|Lambda (Task)|SNS,EventBridge|Step Functions|Lambda (Task),EventBridge>Step Functions:定期起動|Step Functions>Lambda (Task):タスク実行・再試行,Step FunctionsのRetryステートを使用することでLambdaが特定のエラーを返した際に指定間隔で自動的に再実行させることができます。
Lambda@Edgeによるエッジ処理,CloudFrontでコンテンツを配信する前にユーザーのCookieを判定してリクエストを書き換えてください。,ユーザー|CloudFront|Lambda@Edge|S3|ALB,ユーザー|CloudFront|Lambda@Edge|S3,ユーザー>CloudFront:リクエスト|CloudFront>Lambda@Edge:リクエスト検証|CloudFront>S3:取得,Lambda@EdgeをCloudFrontのビューワーリクエスト等に紐付けることでオリジンに到達する前にエッジで高速にロジックを実行できます。
Fargateでのスケジュールタスク,EC2を立てずに毎日バッチ処理用のDockerコンテナを起動し処理終了後に破棄してください。,EventBridge|ECS|Fargate|Lambda,EventBridge|ECS|Fargate,EventBridge>ECS:Cron起動|ECS>Fargate:タスク実行,EventBridgeのスケジュールルールからECSタスク（Fargate起動タイプ）を直接呼び出すことで完全サーバーレスなバッチ実行が可能です。
CloudTrailログの集中管理,複数AWSアカウントのAPIログをセキュリティ監査用の一元化されたS3バケットに集約してください。,アカウントA|アカウントB|S3 (監査用)|CloudWatch,アカウントA|アカウントB|S3 (監査用),アカウントA>S3 (監査用):ログ出力|アカウントB>S3 (監査用):ログ出力,AWS Organizationsと組み合わせ各アカウントのCloudTrailの出力先を単一の監査用S3バケットに指定することで集中管理が可能です。
RDS Proxyによるフェイルオーバー高速化,Auroraのフェイルオーバー発生時にアプリケーション側のDB接続エラーを最小限に抑えてください。,アプリ|RDS Proxy|Aurora|Route 53,アプリ|RDS Proxy|Aurora,アプリ>RDS Proxy:接続プール|RDS Proxy>Aurora:クエリ実行,RDS ProxyはAuroraのフェイルオーバーを検知し新しいプライマリへ自動で接続を切り替えるためアプリ側のDNSキャッシュ問題を回避できます。
SNSとLambdaを用いた画像リサイズ,S3への画像アップロードをSNSで受けLambdaでリサイズして別バケットに保存してください。,ユーザー|S3 (元画像)|SNS|Lambda (加工)|S3 (加工後),ユーザー|S3 (元画像)|SNS|Lambda (加工)|S3 (加工後),ユーザー>S3 (元画像):配置|S3 (元画像)>SNS:通知|SNS>Lambda (加工):起動|Lambda (加工)>S3 (加工後):保存,S3イベントからSNSを経由してLambdaをトリガーし処理した画像を別バケットに保存する一般的な非同期画像処理構成です。
Session Managerでのセキュア接続,踏み台サーバーやSSHキーを使用せずプライベートサブネットのEC2にコンソール接続してください。,管理者|Systems Manager|EC2|Internet Gateway,管理者|Systems Manager|EC2,管理者>Systems Manager:認証・操作|Systems Manager>EC2:セキュア接続,Systems Manager Session Managerを使用するとIAM権限のみでEC2へのセキュアなシェルアクセスが可能になり踏み台は不要になります。
WAFとIP制限ルールの適用,特定の悪意あるIPアドレスリストからの通信をALBに到達する前にブロックしてください。,ユーザー|WAF|ALB|EC2,ユーザー|WAF|ALB|EC2,ユーザー>WAF:アクセス|WAF>ALB:正常のみ許可|ALB>EC2:転送,AWS WAFのIPセットと一致ルールを設定しALBにアタッチすることで不要なトラフィックをアプリケーションの手前で効果的に遮断できます。
Backupによる一元バックアップ管理,AWS環境内のEBSやEFSおよびRDSのバックアップスケジュールを一つのポリシーで自動化してください。,AWS Backup|EBS|EFS|RDS,AWS Backup|EBS|EFS|RDS,AWS Backup>EBS:取得|AWS Backup>EFS:取得|AWS Backup>RDS:取得,AWS Backupを使用するとタグベース等で様々なAWSリソースのバックアップライフサイクルを一元的に管理しコンプライアンス要件を満たせます。
ElastiCacheによるセッション共有,複数のEC2インスタンスで構成されるWebアプリでユーザーのログインセッション情報を共有してください。,ALB|EC2 (A)|EC2 (B)|ElastiCache|RDS,ALB|EC2 (A)|EC2 (B)|ElastiCache,ALB>EC2 (A):分散|ALB>EC2 (B):分散|EC2 (A)>ElastiCache:セッション読書|EC2 (B)>ElastiCache:セッション読書,ElastiCacheをセッションストアとして使用することでどのEC2にアクセスしてもセッションを維持できスケーラビリティが高まります。
API Gatewayのペイロード変換,古いクライアントからのXMLリクエストをAPI Gateway側でJSONに変換してからLambdaに渡してください。,クライアント|API Gateway|Lambda|EC2,クライアント|API Gateway|Lambda,クライアント>API Gateway:XML送信|API Gateway>Lambda:JSON変換・実行,API Gatewayのマッピングテンプレート機能を使用することでバックエンドのLambdaを改修せずにリクエストやレスポンスのデータ形式を変換できます。
Redshiftでのデータウェアハウス,S3に蓄積された大量の業務データを高速に集計・分析するためのDWHを構築してください。,S3|Redshift|QuickSight|DynamoDB,S3|Redshift|QuickSight,S3>Redshift:COPYコマンド|Redshift>QuickSight:データ可視化,Amazon Redshiftはペタバイト級のデータウェアハウスです。S3からデータをロードしQuickSightでBIダッシュボードとして可視化します。
Redshift Spectrumの活用,Redshiftのストレージを消費せずS3上のデータに対して直接拡張クエリを実行してください。,管理者|Redshift|S3|Athena,管理者|Redshift|S3,管理者>Redshift:クエリ実行|Redshift>S3:外部表参照,Redshift Spectrumを使用するとS3上のデータファイルを直接参照してRedshift内のデータと結合(JOIN)するようなクエリをサーバーレスで実行できます。
SQS FIFOキューでの順序保証,金融取引システムにおいてメッセージが「必ず1回」かつ「送信された順序通り」に処理されるようにしてください。,アプリ|SQS (FIFO)|Lambda|SNS,アプリ|SQS (FIFO)|Lambda,アプリ>SQS (FIFO):順序付き送信|SQS (FIFO)>Lambda:重複なし処理,SQS FIFO (First-In-First-Out) キューを使用することでメッセージの厳密な順序保証とExactly-Once（1回だけの処理）を実現できます。
CognitoのIDプール連携,Cognitoでログインしたユーザーに対してS3バケットへの直接アップロード権限を一時的に付与してください。,ユーザー|Cognito|IAM|S3|API Gateway,ユーザー|Cognito|IAM|S3,ユーザー>Cognito:ログイン|Cognito>IAM:一時クレデンシャル取得|ユーザー>S3:直接アクセス,Cognito IDプール(フェデレーティッドアイデンティティ)を使用すると認証済みユーザーに対して一時的なAWS IAM権限を発行しS3等へ直接アクセスさせることができます。
Network Load Balancerの活用,ミリ秒単位の超低レイテンシが求められる対戦ゲームのUDP/TCPトラフィックを分散させてください。,ユーザー|NLB|EC2 (A)|EC2 (B)|ALB,ユーザー|NLB|EC2 (A)|EC2 (B),ユーザー>NLB:TCP/UDP|NLB>EC2 (A):超高速転送|NLB>EC2 (B):超高速転送,NLB (Network Load Balancer) はレイヤー4で動作し毎秒数百万リクエストを極めて低いレイテンシで処理できるためリアルタイム系アプリに最適です。
VPC Peeringのルーティング制限,VPC AからVPC Bへ通信しさらにVPC BからVPC Cへ通信する推移的なルーティングは可能ですか？,VPC A|VPC Peering|VPC B|VPC C,VPC A|VPC Peering|VPC B,VPC A>VPC Peering:通信|VPC Peering>VPC B:到達(Cには不可),VPCピアリングは推移的ルーティング(A->B->C)をサポートしません。AからCへ通信したい場合はAとCの間にも直接ピアリングを結ぶ必要があります。
S3 Transfer Acceleration,海外のクライアントから東京リージョンのS3バケットへギガバイト級のファイルを高速にアップロードさせてください。,クライアント|エッジロケーション|S3 (Tokyo)|Direct Connect,クライアント|エッジロケーション|S3 (Tokyo),クライアント>エッジロケーション:最寄り接続|エッジロケーション>S3 (Tokyo):AWS網で高速転送,S3 Transfer Accelerationを有効にするとクライアントは最寄りのエッジに接続しそこからAWSの最適化されたネットワークを通ってS3へ高速転送されます。
S3 Object Lockでの改ざん防止,金融監査ログを保存する際いかなる管理者であっても指定期間は削除や上書きができないWORMストレージにしてください。,管理者|S3 (Object Lock)|Glacier|Macie,管理者|S3 (Object Lock),管理者>S3 (Object Lock):ログ保存・削除不可,S3オブジェクトロックをコンプライアンスモードで有効化するとAWSアカウントのルートユーザーであっても指定期間中はデータを削除・変更できなくなります(Write Once Read Many)。
EFSのライフサイクル管理,EFSに保存されているファイルのうち90日間アクセスがないものを自動的に安価なストレージ層へ移動させてください。,EC2|EFS Standard|EFS IA|S3,EC2|EFS Standard|EFS IA,EC2>EFS Standard:アクセス|EFS Standard>EFS IA:自動階層化,EFSライフサイクル管理を有効にすると頻繁にアクセスされないファイルが低コストなEFS Infrequent Access (IA) ストレージクラスへ自動移行されます。
AWS OrganizationsのSCP適用,企業内の全てのAWSアカウントにおいて特定の高額なEC2インスタンスタイプの起動を強制的に禁止してください。,管理者|Organizations (SCP)|メンバーアカウント|EC2,管理者|Organizations (SCP)|メンバーアカウント,管理者>Organizations (SCP):ポリシー適用|Organizations (SCP)>メンバーアカウント:権限制限,AWS Organizationsのサービスコントロールポリシー(SCP)を使用すると配下のアカウントに対してIAM権限の上限(ガードレール)を強制的に設定できます。
VPC Endpoint Serviceの提供,自社で構築したAWS上のSaaSアプリを別企業のVPCからインターネットを経由せずにプライベートに利用させてください。,顧客VPC|PrivateLink|NLB|SaaS用EC2,顧客VPC|PrivateLink|NLB|SaaS用EC2,顧客VPC>PrivateLink:接続|PrivateLink>NLB:連携|NLB>SaaS用EC2:処理,AWS PrivateLink (VPC Endpoint Service) を構築すると自社のサービスを他アカウントのVPCへセキュアにエンドポイントとして提供できます。
Step FunctionsのWaitステート,処理Aが完了した後外部システムからの承認が来るまで処理Bの実行を一時停止（待機）させてください。,Lambda (処理A)|Step Functions|Lambda (処理B)|SNS,Lambda (処理A)|Step Functions|Lambda (処理B),Lambda (処理A)>Step Functions:タスク完了|Step Functions>Step Functions:コールバック待機|Step Functions>Lambda (処理B):承認後実行,Step Functionsのコールバックパターン(.waitForTaskToken)を使用すると外部からのAPI呼び出しによる承認トークンが返されるまでワークフローを一時停止できます。
DynamoDBのグローバルセカンダリインデックス,ユーザーIDがパーティションキーのDBに対してメールアドレスでも高速に検索できるよう拡張してください。,アプリ|DynamoDB (Table)|DynamoDB (GSI)|RDS,アプリ|DynamoDB (Table)|DynamoDB (GSI),アプリ>DynamoDB (GSI):検索|DynamoDB (Table)>DynamoDB (GSI):非同期同期,グローバルセカンダリインデックス(GSI)を作成することでベーステーブルとは異なるキーで高速かつ効率的なクエリを実行できるようになります。
Kinesis Data Analyticsの活用,ストリームデータに対してSQLを使用してリアルタイムで移動平均などの集計処理を行ってください。,Kinesis Data Streams|Kinesis Data Analytics|Lambda|S3,Kinesis Data Streams|Kinesis Data Analytics|Lambda,Kinesis Data Streams>Kinesis Data Analytics:ストリーム入力|Kinesis Data Analytics>Lambda:集計結果を出力,Kinesis Data Analytics (現 Managed Service for Apache Flink) を使用すると流れてくるストリームデータに対して標準SQLでリアルタイム分析が可能です。
CloudFrontとS3のOAC設定,S3バケットへの直接アクセスを禁止し必ずCloudFrontを経由したアクセスのみを許可するよう保護してください。,ユーザー|CloudFront|OAC|S3,ユーザー|CloudFront|OAC|S3,ユーザー>CloudFront:アクセス|CloudFront>OAC:署名付与|OAC>S3:セキュアアクセス,CloudFrontのOrigin Access Control (OAC) を設定しS3のバケットポリシーでOACからの通信のみを許可することでオリジンを確実に保護できます。
EKSとALB Ingress Controller,Kubernetesクラスター上の複数のサービスに対してALBを用いた高度なHTTPルーティングを提供してください。,ユーザー|ALB|EKS (Ingress)|Pod群,ユーザー|ALB|EKS (Ingress)|Pod群,ユーザー>ALB:通信|ALB>EKS (Ingress):ルール評価|EKS (Ingress)>Pod群:トラフィック分散,AWS Load Balancer Controllerを使用することでEKSのIngressリソースに応じてALBが自動プロビジョニングされ高度なルーティングが可能になります。
KMSのエンベロープ暗号化,KMSのAPI制限を回避しつつ数GBの巨大な動画ファイルをローカルでセキュアに暗号化してS3へアップロードしてください。,アプリ|KMS|データキー|S3,アプリ|KMS|データキー|S3,アプリ>KMS:キー生成要求|KMS>データキー:発行|アプリ>データキー:ローカル暗号化|アプリ>S3:暗号化済みデータ保存,巨大データはKMSに直接送らずKMSからデータキーを発行してもらいクライアント側で暗号化を行うエンベロープ暗号化がベストプラクティスです。
Auto Scalingのターゲット追跡,EC2群の平均CPU使用率が常に50%を維持するように自動でスケールイン・スケールアウトさせてください。,CloudWatch|Auto Scaling|EC2|ALB,CloudWatch|Auto Scaling|EC2,CloudWatch>Auto Scaling:メトリクス監視|Auto Scaling>EC2:増減調整,ターゲット追跡スケーリングポリシーを設定すると指定したメトリクス(CPU50%など)を維持するようにAuto Scalingが自動的に容量を調整します。
ECSのCapacity Provider,ECSタスクの要求リソースが増えた際に自動的に基盤となるEC2インスタンスをスケールアウトさせてください。,ECS (Task)|Capacity Provider|Auto Scaling|EC2,ECS (Task)|Capacity Provider|Auto Scaling|EC2,ECS (Task)>Capacity Provider:リソース要求|Capacity Provider>Auto Scaling:スケール指示|Auto Scaling>EC2:インスタンス追加,ECSキャパシティープロバイダーを使用するとタスクの起動に必要なコンピュートリソース(EC2)をAuto Scalingと連携して自動的に管理・スケーリングできます。
Route 53のマルチバリュー回答,8台のWebサーバーの中からランダムに最大8つのIPアドレスを返却しクライアント側でロードバランスさせてください。,クライアント|Route 53|EC2群|ALB,クライアント|Route 53|EC2群,クライアント>Route 53:DNSクエリ|Route 53>EC2群:複数IP返却,Route 53の複数値回答(Multivalue Answer)ルーティングを使用するとヘルスチェックに合格した複数のIPを返し簡易的なクライアントサイドLBとして機能します。
Transit GatewayのNetwork Firewall統合,VPC間のすべての通信を一箇所に集め高度な侵入検知システム(IDS/IPS)で検査してから通信させてください。,VPC A|Transit Gateway|Network Firewall|VPC B,VPC A|Transit Gateway|Network Firewall|VPC B,VPC A>Transit Gateway:送信|Transit Gateway>Network Firewall:インスペクション|Network Firewall>VPC B:許可後転送,Transit Gatewayのルーティングを活用しインスペクションVPCに配置したAWS Network Firewallへトラフィックを強制的に迂回させる高度なセキュリティ構成です。
AWS RAMでのリソース共有,本番アカウントで作成したTransit GatewayやSubnetを開発アカウントとセキュアに共有してください。,本番アカウント|AWS RAM|Transit Gateway|開発アカウント,本番アカウント|AWS RAM|Transit Gateway|開発アカウント,本番アカウント>AWS RAM:共有設定|AWS RAM>Transit Gateway:リソース指定|AWS RAM>開発アカウント:利用許可,AWS Resource Access Manager (RAM) を使用すると複数アカウント間でネットワークリソースなどを簡単に共有でき管理オーバーヘッドを削減できます。
DynamoDBのTTL設定,一時的なセッションデータなど一定期間が経過した古いデータをDynamoDBから自動的に削除してコストを削減してください。,アプリ|DynamoDB|TTL|Lambda,アプリ|DynamoDB|TTL,アプリ>DynamoDB:有効期限付き書込|DynamoDB>TTL:期限切れ検知・自動削除,DynamoDBのTime to Live (TTL) 機能を有効にすると指定したタイムスタンプを過ぎた項目がバックグラウンドで自動かつ無料で削除されます。
S3の署名付きURL,プライベートなS3バケットにある有料コンテンツを特定のユーザーにだけ15分間限定でダウンロード可能にしてください。,アプリ|IAM|署名付きURL|S3,アプリ|IAM|署名付きURL|S3,アプリ>IAM:署名生成|アプリ>署名付きURL:ユーザーへ発行|署名付きURL>S3:一時的アクセス,S3の署名付きURL(Presigned URL)を発行することでバケットをパブリックにすることなくセキュアに期間限定のダウンロードリンクを提供できます。
Snowconeでのエッジコンピューティング,過酷な環境(工場や船上)でローカルデータ処理を行い処理後のデータのみをAWSへ転送してください。,デバイス|Snowcone|EC2 (エッジ)|S3,デバイス|Snowcone|EC2 (エッジ)|S3,デバイス>Snowcone:データ収集|Snowcone>EC2 (エッジ):ローカル処理|Snowcone>S3:結果をAWSへ同期,AWS Snowconeはデータ転送だけでなく内部にEC2インスタンスを起動してエッジコンピューティング環境として利用できる小型の物理デバイスです。
Aurora Serverlessの活用,開発環境やテスト環境などアクセスが予測できず全く使われない時間もあるDBのコストを最適化してください。,アプリ|RDS Proxy|Aurora Serverless|EC2,アプリ|Aurora Serverless,アプリ>Aurora Serverless:断続的なクエリ,Aurora Serverlessはトラフィックに応じて自動的にコンピュート容量をスケールアップ・ダウンしゼロスケールも可能なため予測不能なワークロードに最適です。
API Gatewayのスロットリングとクォータ,特定の顧客(APIキー)ごとのアクセス上限を設定しバックエンドシステムを過負荷から守ってください。,クライアント|API Gateway|使用量プラン|Lambda,クライアント|API Gateway|使用量プラン|Lambda,クライアント>API Gateway:APIキー付き通信|API Gateway>使用量プラン:レート制限評価|API Gateway>Lambda:許容範囲内のみ実行,API Gatewayの使用量プランとAPIキーを組み合わせることで顧客ごとのリクエストのレート制限(スロットリング)とクォータ(月間上限)を管理できます。
SQSのロングポーリング,LambdaがSQSをポーリングする際の空振り(Empty Response)を減らしAPI呼び出しコストを削減してください。,Lambda|SQS|ロングポーリング設定|SNS,Lambda|SQS|ロングポーリング設定,Lambda>SQS:メッセージ取得要求|SQS>ロングポーリング設定:最長20秒待機して応答,SQSのReceiveMessageWaitTimeSecondsを0より大きく設定(ロングポーリング)するとメッセージが届くまで待機するため不要なAPIコールとコストを削減できます。
Elastic Beanstalkでの簡単デプロイ,インフラの構築を意識せずJavaやNode.jsのコードをアップロードするだけでWeb環境を構築・運用してください。,開発者|Elastic Beanstalk|EC2|ALB,開発者|Elastic Beanstalk|EC2|ALB,開発者>Elastic Beanstalk:コードアップロード|Elastic Beanstalk>ALB:自動構築|Elastic Beanstalk>EC2:自動構築,AWS Elastic BeanstalkはコードをアップロードするだけでロードバランシングやスケーリングなどのインフラをAWSが自動でプロビジョニングするPaaSです。
CloudWatch Logsのメトリクスフィルター,アプリケーションのログに含まれる特定の文字列（例: ERROR）の出現回数をカウントしアラームを上げてください。,EC2|CloudWatch Logs|メトリクスフィルター|CloudWatch Alarm,EC2|CloudWatch Logs|メトリクスフィルター|CloudWatch Alarm,EC2>CloudWatch Logs:ログ出力|CloudWatch Logs>メトリクスフィルター:文字列抽出|メトリクスフィルター>CloudWatch Alarm:閾値評価,メトリクスフィルターを使用するとログデータから特定のパターンを抽出して数値メトリクスに変換しアラーム設定やグラフ化が可能になります。
Kinesis Data Streamsのシャード分割,Kinesisのストリーム処理が追いつかずスロットリングが発生しています。処理スループットを向上させてください。,プロデューサー|Kinesis (Shard 1)|Kinesis (Shard 2)|Lambda,プロデューサー|Kinesis (Shard 1)|Kinesis (Shard 2)|Lambda,プロデューサー>Kinesis (Shard 1):分散送信|プロデューサー>Kinesis (Shard 2):分散送信|Kinesis (Shard 1)>Lambda:並行処理|Kinesis (Shard 2)>Lambda:並行処理,Kinesis Data Streamsのシャードを分割(Resharding)して増やすことで並列読み書きのキャパシティが向上しLambdaによる並行処理数も増加します。
EventBridgeのAPI宛てルーティング,AWS内で発生したイベントをトリガーにして外部のSaaS(例: DatadogやZendesk)のAPIへ直接データを送信してください。,CloudWatch|EventBridge|API Destination|SaaS (外部),CloudWatch|EventBridge|API Destination|SaaS (外部),CloudWatch>EventBridge:イベント検知|EventBridge>API Destination:認証と送信|API Destination>SaaS (外部):Webhook呼出,EventBridgeのAPI Destinationsを使用するとLambdaを介さずにEventBridgeから直接外部のHTTPエンドポイントへ安全にイベントをルーティングできます。
EBSのプロビジョンドIOPS(io2),大規模なリレーショナルデータベースサーバーにおいて極めて高く安定したディスクI/Oパフォーマンスを保証してください。,EC2|EBS (io2)|EBS (gp3)|S3,EC2|EBS (io2),EC2>EBS (io2):超高速I/O,io2ブロックエクスプレスなどのプロビジョンドIOPS SSDはストレージ容量とは独立してIOPSを指定できミッションクリティカルなDBに高い一貫性を提供します。
AWS WAFのボットコントロール,Webサイトに対する悪意のあるスクレイピングや自動化されたボットによるアクセスを高度な機能で遮断してください。,ユーザー|ボット|WAF (Bot Control)|ALB,ユーザー|ボット|WAF (Bot Control)|ALB,ユーザー>WAF (Bot Control):人間(許可)|ボット>WAF (Bot Control):ボット(遮断)|WAF (Bot Control)>ALB:正常トラフィックのみ,AWS WAF Bot Controlマネージドルールを使用するとシグネチャや振る舞い分析に基づいて悪意のあるボットトラフィックを簡単に可視化およびブロックできます。
Transit Gatewayのマルチリージョン接続,東京リージョンのTGWと米国リージョンのTGWをピアリング接続しグローバルなネットワークを構築してください。,VPC (Tokyo)|TGW (Tokyo)|TGW (US)|VPC (US),VPC (Tokyo)|TGW (Tokyo)|TGW (US)|VPC (US),VPC (Tokyo)>TGW (Tokyo):接続|TGW (Tokyo)>TGW (US):TGWピアリング|TGW (US)>VPC (US):接続,Transit Gatewayピアリングを使用すると異なるリージョンにあるTGW同士をAWSバックボーンで接続しグローバルに広がるネットワークを構築できます。
S3 Access Pointsによる権限管理,1つの巨大な共有S3バケットに対して数十の異なる部署がそれぞれ別のプレフィックスにのみアクセスできるよう管理してください。,部署A|部署B|S3 Access Point|S3,部署A|部署B|S3 Access Point|S3,部署A>S3 Access Point:専用エンドポイント|部署B>S3 Access Point:専用エンドポイント|S3 Access Point>S3:アクセス制御,S3アクセスポイントを使用するとバケットの巨大なポリシーを分割し各アプリや部署ごとに専用エンドポイントとアクセス制御ポリシーを提供して管理を簡素化できます。
AWS Shield AdvancedのSRT連携,大規模なDDoS攻撃を受けた際AWSのセキュリティ専門チーム(SRT)による直接的なサポートと緩和支援を受けてください。,攻撃者|Shield Advanced|Route 53|SRT (専門チーム),攻撃者|Shield Advanced|Route 53|SRT (専門チーム),攻撃者>Shield Advanced:DDoS検知|Shield Advanced>Route 53:インフラ保護|Shield Advanced>SRT (専門チーム):緩和エスカレーション,AWS Shield Advancedに加入すると自動緩和だけでなくAWS Shield Response Team (SRT) への直接アクセスが可能になり複雑な攻撃に対する支援を受けられます。
FSx for Windows,オンプレミスからActive Directory認証を維持したままAWS上の共有ファイルシステムへ移行してください。,EC2|FSx for Windows|Storage Gateway|EFS|S3,EC2|FSx for Windows,EC2>FSx for Windows:SMBマウント,Amazon FSx for Windows File ServerはフルマネージドのWindowsネイティブなファイルシステムを提供しActive Directoryとシームレスに統合します。
一時認証を利用したS3アクセス,外部IDPで認証されたユーザーに特定のS3バケットへアクセスする一時的な権限を付与してください。,ユーザー|Identity Center|STS|S3|IAM,ユーザー|STS|S3,ユーザー>STS:AssumeRoleWithWebIdentity|STS>S3:一時認証アクセス,STSを利用することでSAML等で認証されたユーザーにAWSリソースへの一時的なアクセス権限を安全に付与できます。
SQSの遅延キュー,サインアップ時の初期化完了を待つため通知処理を数分間遅らせるメッセージング構成を作成してください。,アプリ|SQS|Lambda|EventBridge|SNS,アプリ|SQS|Lambda,アプリ>SQS:遅延付き送信|SQS>Lambda:指定時間後にフェッチ,SQSの遅延キューを使用するとメッセージが指定期間コンシューマーから見えなくなり処理を意図的に遅らせることができます。
Route 53の地理的ルーティング,ヨーロッパのユーザーはEUサーバーへ、日本のユーザーは東京サーバーへトラフィックを誘導してください。,ユーザー|Route 53|ALB (EU)|ALB (JP)|CloudFront,ユーザー|Route 53|ALB (EU)|ALB (JP),ユーザー>Route 53:DNSクエリ|Route 53>ALB (EU):ロケーションベース応答|Route 53>ALB (JP):ロケーションベース応答,Route 53の地理的ルーティングはユーザーのIPアドレスに基づく地理的位置情報に従って適切なリソースへ誘導します。
S3 Replication Time Control,コンプライアンス要件によりS3のオブジェクトを必ず15分以内に別リージョンへ複製してください。,S3 (Source)|CloudWatch|S3 (Dest)|Backup|DataSync,S3 (Source)|CloudWatch|S3 (Dest),S3 (Source)>S3 (Dest):RTC複製|S3 (Source)>CloudWatch:メトリクス監視,S3 Replication Time Control(RTC)を有効にするとオブジェクトの99.99%が15分以内に複製されることがSLAによって保証されます。
スポットフリートの活用,バッチ処理を最安値で実行するため複数のインスタンスタイプから安価な空きキャパシティを自動選択して起動してください。,バッチ処理|EC2|Auto Scaling|ALB|ECS,バッチ処理|EC2,バッチ処理>EC2:スポットフリート要求,EC2スポットフリートを使用すると複数のインスタンスプールから最もコスト効率の良いスポットインスタンスを自動的にプロビジョニングします。
CloudFrontのオリジングループ,メインのS3が50xエラーを返した場合自動的にバックアップのS3からコンテンツを配信させてください。,ユーザー|CloudFront|S3 (Primary)|S3 (Secondary)|Route 53,ユーザー|CloudFront|S3 (Primary)|S3 (Secondary),ユーザー>CloudFront:リクエスト|CloudFront>S3 (Primary):プライマリオリジン|CloudFront>S3 (Secondary):フェイルオーバーオリジン,CloudFrontのオリジングループを設定することでプライマリオリジン障害時に自動でセカンダリオリジンへフェイルオーバーします。
EFS One Zoneの活用,単一AZ内でのみ稼働する開発環境向けにストレージコストを約47%削減したファイル共有を構築してください。,EC2|EFS|EBS|S3|Storage Gateway,EC2|EFS,EC2>EFS:One Zoneマウント,EFS One Zoneはデータを単一のAZ内にのみ保存するためマルチAZ構成が不要な環境のストレージコストを大幅に削減できます。
API Gatewayのリージョンエンドポイント,レイテンシを減らすためCloudFrontを経由させず同一リージョン内のAPIへ直接アクセスさせてください。,ユーザー|API Gateway|Lambda|CloudFront|Route 53,ユーザー|API Gateway|Lambda,ユーザー>API Gateway:リージョン直接アクセス|API Gateway>Lambda:プロキシ統合,API Gatewayをリージョンエンドポイントで作成するとCloudFrontエッジを経由せず同一リージョン内からのAPI呼び出しレイテンシを最小化できます。
SNSのメッセージフィルタリング,SNSの全注文メッセージから「キャンセル」属性を持つものだけを特定のSQSキューへルーティングしてください。,アプリ|SNS|SQS|Lambda|EventBridge,アプリ|SNS|SQS,アプリ>SNS:Publish|SNS>SQS:フィルタリング配信,SNSのメッセージフィルタリング機能を使用するとトピックの全メッセージから特定の属性を持つもののみをサブスクライバーへ配信できます。
Aurora Global Databaseの導入,RTO1分未満でミリ秒単位の遅延で別リージョンへデータを同期するDR用DBを構築してください。,アプリ|Aurora (Primary)|Aurora (Secondary)|Route 53|DynamoDB,アプリ|Aurora (Primary)|Aurora (Secondary),アプリ>Aurora (Primary):プライマリ書込|Aurora (Primary)>Aurora (Secondary):物理レプリケーション,Aurora Global Databaseはストレージベースの高速な物理レプリケーションを使用しリージョン間で通常1秒未満の同期を実現します。
DataSyncによる継続的な移行,オンプレミスのファイルサーバーからAWS上のEFSへメタデータを維持して定期的に同期させてください。,オンプレミス|DataSync|EFS|Storage Gateway|Snowball,オンプレミス|DataSync|EFS,オンプレミス>DataSync:エージェント読取|DataSync>EFS:最適化同期,AWS DataSyncは専用エージェントを使用してオンプレミスからEFSやS3へメタデータを保持したまま高速かつ安全に継続同期します。
Athenaを利用したフローログ分析,S3に出力されたVPCフローログに対してサーバーを立てずにアドホックなクエリを実行してください。,管理者|Athena|S3|CloudWatch|Glue,管理者|Athena|S3,管理者>Athena:アドホックSQL|Athena>S3:直接スキャン,VPCフローログをS3に出力しAmazon Athenaを使用することでインフラを管理せず標準SQLでログを分析・検索できます。
WAFのレートベースルール,特定のIPからのリクエストが5分間に一定のしきい値を超えた場合一時的にそのIPをブロックしてください。,ユーザー|WAF|ALB|Shield Advanced|CloudFront,ユーザー|WAF|ALB,ユーザー>WAF:レート制限評価|WAF>ALB:正常リクエスト転送,AWS WAFのレートベースルールを使用すると過剰なアクセスを自動的に検知・ブロックしブルートフォース攻撃等を緩和できます。
GuardDutyとLambdaの自動修復,悪意のあるIPからのアクセスを検知した際自動的にNACLを更新してブロックする構成を作成してください。,GuardDuty|EventBridge|Lambda|VPC|SNS,GuardDuty|EventBridge|Lambda|VPC,GuardDuty>EventBridge:検知イベント発火|EventBridge>Lambda:修復スクリプト|Lambda>VPC:NACL更新,GuardDutyの検知結果をEventBridgeで受けLambda関数をトリガーすることで自動修復パイプラインを構築できます。
DynamoDB StreamsとLambda,テーブルに新しいアイテムが追加された際その変更をトリガーにして非同期で処理を実行してください。,アプリ|DynamoDB|DynamoDB Streams|Lambda|SNS,アプリ|DynamoDB|DynamoDB Streams|Lambda,アプリ>DynamoDB:PutItem|DynamoDB>DynamoDB Streams:変更キャプチャ|DynamoDB Streams>Lambda:イベント駆動,DynamoDB Streamsを有効にすると項目の変更が時系列でキャプチャされそれをトリガーとしてLambda関数を自動実行できます。
AWS Backupのクロスリージョンコピー,ランサムウェア対策として東京リージョンのEBSバックアップを大阪へ自動的にコピーしてください。,AWS Backup|EBS|S3|KMS|EventBridge,AWS Backup|EBS,AWS Backup>EBS:リージョン間コピー,AWS Backupのコピージョブ機能を使用するとDR要件に合わせてバックアップデータを別のAWSリージョンへ自動転送できます。
Direct Connect Gateway,1つの専用線を利用して複数の異なるリージョンにあるVPCへプライベートに接続してください。,オンプレミス|Direct Connect|VPC (Tokyo)|VPC (US)|VPN,オンプレミス|Direct Connect|VPC (Tokyo)|VPC (US),オンプレミス>Direct Connect:DX Gateway連携|Direct Connect>VPC (Tokyo):クロスリージョン経路|Direct Connect>VPC (US):クロスリージョン経路,Direct Connect Gatewayを使用すると1つのDX接続から世界中の複数VPCにアクセスできます。
CloudTrailのメトリクスフィルター,特定のIAMユーザーが重大なAPIコールを行った際に即座にアラートを上げてください。,CloudTrail|CloudWatch|SNS|EventBridge|Config,CloudTrail|CloudWatch|SNS,CloudTrail>CloudWatch:メトリクスフィルター|CloudWatch>SNS:アラーム通知,CloudTrailのログをCloudWatch Logsに送信しメトリクスフィルターで特定のAPIを検知してSNSでアラームを飛ばす構成です。
Storage Gatewayのボリュームゲートウェイ,オンプレミスにiSCSIターゲットを提供し実データをEBSスナップショットとしてバックアップしてください。,オンプレミス|Storage Gateway|EBS|S3|EFS,オンプレミス|Storage Gateway|EBS,オンプレミス>Storage Gateway:iSCSI接続|Storage Gateway>EBS:非同期スナップショット,ボリュームゲートウェイはオンプレミスにブロックストレージを提供しデータはEBSスナップショットとしてAWSにバックアップされます。
Cognito User PoolとALBの統合,Webアプリへのアクセスを許可する前にALB層でOIDCによるユーザー認証を完了させてください。,ユーザー|ALB|Cognito User Pool|EC2|API Gateway,ユーザー|ALB|Cognito User Pool|EC2,ユーザー>ALB:認証リクエスト|ALB>Cognito User Pool:OIDC認証|ALB>EC2:認証済み転送,ALBはAmazon Cognitoユーザープールとネイティブに統合されておりバックエンドに到達する前にLB層でセキュアな認証を実装できます。
Route 53の地理的近接性ルーティング,ユーザーとリソースの物理的な距離でトラフィックをルーティングしバイアス値で微調整してください。,ユーザー|Route 53|EC2|CloudFront|Global Accelerator,ユーザー|Route 53|EC2,ユーザー>Route 53:DNSクエリ|Route 53>EC2:トラフィックフロー応答,Route 53の地理的近接性ルーティングはユーザーとリソースの距離で誘導しバイアスを利用してトラフィック範囲を微調整できます。
AppSyncとDynamoDBの連携,モバイルからGraphQLを使用してDynamoDBのデータをリアルタイムに取得しオフライン同期もサポートしてください。,クライアント|AppSync|DynamoDB|API Gateway|Lambda,クライアント|AppSync|DynamoDB,クライアント>AppSync:GraphQLリクエスト|AppSync>DynamoDB:データリゾルバ,AWS AppSyncはGraphQLを使用してDynamoDB等と通信しリアルタイムなデータ同期とオフライン時のキャッシングをサポートします。
FirehoseとOpenSearchの連携,何千ものIoTデバイスから送信されるログストリームをニアリアルタイムで分析基盤へロードしてください。,デバイス|Firehose|OpenSearch|Kinesis Streams|S3,デバイス|Firehose|OpenSearch,デバイス>Firehose:ストリーム送信|Firehose>OpenSearch:自動バッチロード,Kinesis Data Firehoseはストリーミングデータをキャプチャしコードを書くことなくAmazon OpenSearch Service等へ自動的にロードします。
CloudWatch Agentによるメモリ監視,EC2のデフォルトメトリクスでは取得できないメモリ使用率やディスク空き容量を監視してください。,EC2|CloudWatch|Systems Manager|SNS|Inspector,EC2|CloudWatch,EC2>CloudWatch:カスタムメトリクス送信,デフォルトのCloudWatchはハイパーバイザーレベルの指標のみですがCloudWatch AgentをOSにインストールすることでメモリ等の詳細を取得できます。
Secrets Managerのパスワードローテーション,RDSの管理者パスワードをコードに埋め込まず安全に保存し30日ごとに自動更新させてください。,アプリ|Secrets Manager|RDS|Systems Manager|KMS,アプリ|Secrets Manager|RDS,アプリ>Secrets Manager:クレデンシャル取得|Secrets Manager>RDS:自動ローテーション,Secrets ManagerはRDSなどのネイティブ統合によりLambdaコードを記述することなくパスワードの自動ローテーションをスケジュールできます。
Organizations SCPによるリージョン制限,コンプライアンス要件により企業内の全アカウントで東京リージョン以外でのリソース作成を禁止してください。,管理者|Organizations|EC2|IAM|Config,管理者|Organizations|EC2,管理者>Organizations:SCPアタッチ|Organizations>EC2:特定リージョン拒否,Organizationsのサービスコントロールポリシー(SCP)に条件キーを設定することで全アカウントの操作リージョンを強制的に制限できます。
EMRクラスターのスポットノード活用,データ処理コストを抑えるためEMRの「タスクノード」にのみ中断されても良い安価なインスタンスを利用してください。,管理者|EMR|EC2|S3|Auto Scaling,管理者|EMR|EC2,管理者>EMR:クラスター構成|EMR>EC2:スポット要求,Amazon EMRではマスターやコアノードにオンデマンドを使用し処理能力のみを追加するタスクノードにスポットインスタンスを使用しコストを削減します。
RDS Multi-AZ DBクラスター,フェイルオーバー時間を最短にしつつ2つのスタンバイを読み取りにも活用する高可用性DBを構築してください。,EC2|RDS (Primary)|RDS (Standby 1)|RDS (Standby 2)|S3,EC2|RDS (Primary)|RDS (Standby 1)|RDS (Standby 2),EC2>RDS (Primary):書込|EC2>RDS (Standby 1):読取|EC2>RDS (Standby 2):読取,RDS Multi-AZ DBクラスターは2つの読み取り可能なスタンバイインスタンスを提供しトランザクションコミットの遅延を減らしつつ高速なフェイルオーバーを実現します。
Inspectorによる脆弱性診断,EC2インスタンスやECRのコンテナイメージに対してソフトウェアの脆弱性や意図しないネットワーク露出を継続的にスキャンしてください。,管理者|Inspector|EC2|ECR|S3,管理者|Inspector|EC2|ECR,管理者>Inspector:有効化|Inspector>EC2:スキャン|Inspector>ECR:スキャン,Amazon Inspectorは自動化された脆弱性管理サービスでありワークロードのセキュリティ状態を継続的に評価して検出結果を提供します。
Route 53の加重ルーティング,新しいバージョンのWebアプリへトラフィックの20%だけをルーティングし残りの80%を旧バージョンへ送るA/Bテストを実施してください。,ユーザー|Route 53|ALB (旧)|ALB (新)|CloudFront,ユーザー|Route 53|ALB (旧)|ALB (新),ユーザー>Route 53:DNSクエリ|Route 53>ALB (旧):ウェイト80|Route 53>ALB (新):ウェイト20,Route 53の加重(Weighted)ルーティングを使用すると指定した比率で複数のリソースにトラフィックを分散できカナリアリリースやA/Bテストに最適です。
IAMロールのクロスアカウントアクセス,開発アカウントのIAMユーザーが本番アカウントのS3バケットへ安全にアクセスできる構成を作成してください。,開発ユーザー|IAMロール (本番)|S3 (本番)|IAMユーザー (本番)|CloudTrail,開発ユーザー|IAMロール (本番)|S3 (本番),開発ユーザー>IAMロール (本番):AssumeRole|IAMロール (本番)>S3 (本番):アクセス許可,IAMロールの信頼ポリシーで開発アカウントを許可しSTS(AssumeRole)を用いて一時的な認証情報を取得することでクロスアカウントアクセスを安全に実現します。
S3ライフサイクルポリシー,作成から30日経過したS3オブジェクトを自動的にGlacierへアーカイブしストレージコストを削減してください。,EC2|S3 Standard|ライフサイクルルール|Glacier|EFS,EC2|S3 Standard|ライフサイクルルール|Glacier,EC2>S3 Standard:保存|S3 Standard>ライフサイクルルール:日数評価|ライフサイクルルール>Glacier:自動移行,S3ライフサイクルポリシーを設定することでオブジェクトの経過日数などの条件に応じて安価なストレージクラスへ自動的に移行しコストを最適化できます。
S3 Intelligent-Tiering,アクセスパターンが予測できないS3データのストレージコストを自動で最適化してください。,アプリ|S3 Intelligent-Tiering|S3 Standard|Glacier|Macie,アプリ|S3 Intelligent-Tiering,アプリ>S3 Intelligent-Tiering:アクセス,S3 Intelligent-Tieringはアクセス頻度を監視しアクセスがないデータを自動的に低コストのアクセス階層に移動させるため予測不能なワークロードに最適です。
S3 Glacier Deep Archive,コンプライアンス要件によりデータを10年間保持する必要があります。アクセスは数年に1回で取得に数時間かかっても構いません。コストを最小化してください。,管理者|S3 Glacier Deep Archive|S3 Standard|EBS|Storage Gateway,管理者|S3 Glacier Deep Archive,管理者>S3 Glacier Deep Archive:長期アーカイブ保存,S3 Glacier Deep ArchiveはAWSで最も安価なストレージクラスでありデータの取得に12時間〜48時間許容できる長期保存用途に最適です。
SSM Parameter Store,複数のEC2インスタンスで使用するデータベースの接続文字列などの設定値を一元管理しプレーンテキストで参照してください。,EC2 (A)|EC2 (B)|Parameter Store|RDS|Secrets Manager,EC2 (A)|EC2 (B)|Parameter Store,EC2 (A)>Parameter Store:設定値取得|EC2 (B)>Parameter Store:設定値取得,Systems Manager Parameter Storeを使用すると設定データやシークレットを階層的に一元管理できEC2やLambdaなどから動的に参照できます。
Firehoseのデータフォーマット変換,Kinesis Firehoseで収集したJSON形式のストリームデータをS3に保存する前に自動でParquet形式に変換してください。,プロデューサー|Firehose|Glueデータカタログ|S3 (Parquet)|Lambda,プロデューサー|Firehose|Glueデータカタログ|S3 (Parquet),プロデューサー>Firehose:JSON送信|Firehose>Glueデータカタログ:スキーマ参照|Firehose>S3 (Parquet):Parquet変換後保存,Kinesis Data FirehoseはGlueデータカタログのスキーマを参照することでストリームデータを効率的な列指向フォーマット(ParquetやORC)に自動変換してS3に保存できます。
Step FunctionsのMapステート,S3バケットにアップロードされた数千の画像ファイルに対して個別のLambda関数を並列で実行し一括処理してください。,S3|Step Functions (Map)|Lambda (処理)|DynamoDB|SNS,S3|Step Functions (Map)|Lambda (処理),S3>Step Functions (Map):リスト入力|Step Functions (Map)>Lambda (処理):並列ファンアウト実行,Step FunctionsのMapステート(特に分散Map)を使用するとS3オブジェクトの大規模なリストに対して数千の並列処理ワークフローを簡単にオーケストレーションできます。
VPC Endpointの利用,VPC内のリソースからAWSマネージドサービス(例: SNSやKinesis)へインターネット(IGW)を経由せずにプライベートIPでアクセスしてください。,EC2|VPC Endpoint (Interface)|SNS|Internet Gateway|NAT Gateway,EC2|VPC Endpoint (Interface)|SNS,EC2>VPC Endpoint (Interface):プライベート通信|VPC Endpoint (Interface)>SNS:APIアクセス,インターフェイス型のVPCエンドポイント(AWS PrivateLink)を使用することでAWSサービスへのトラフィックがAWSバックボーン内に留まりセキュリティが向上します。
SQSデッドレターキュー(DLQ),SQSキューのメッセージ処理に複数回失敗した場合そのメッセージを別のキューに退避させて原因を調査できるようにしてください。,Lambda|SQS (Main)|SQS (DLQ)|SNS|DynamoDB,Lambda|SQS (Main)|SQS (DLQ),Lambda>SQS (Main):ポーリング(失敗)|SQS (Main)>SQS (DLQ):最大受信数超過で退避,SQSのデッドレターキュー(DLQ)を設定すると正常に処理できなかったメッセージを隔離しメッセージの消失を防ぐとともに後からトラブルシューティングが可能になります。
Auto Scalingライフサイクルフック,EC2インスタンスがスケールイン(終了)される前にログをS3へ退避させるための猶予時間を設けてください。,Auto Scaling|EC2|ライフサイクルフック|S3|EventBridge,Auto Scaling|EC2|ライフサイクルフック|S3,Auto Scaling>ライフサイクルフック:終了待機状態|ライフサイクルフック>EC2:ログ退避スクリプト実行|EC2>S3:ログ保存,ライフサイクルフックを使用するとインスタンスの起動時や終了時にポーズをかけカスタムスクリプト(ログ退避など)を完了させてから次のアクションへ進めることができます。
クラスタープレイスメントグループ,密結合なHPC(ハイパフォーマンスコンピューティング)ノード間のネットワークレイテンシを極限まで低減させてください。,ユーザー|クラスタープレイスメントグループ|EC2 (Node 1)|EC2 (Node 2)|EFS,ユーザー|クラスタープレイスメントグループ|EC2 (Node 1)|EC2 (Node 2),ユーザー>クラスタープレイスメントグループ:起動指定|クラスタープレイスメントグループ>EC2 (Node 1):単一AZ・近接配置|クラスタープレイスメントグループ>EC2 (Node 2):単一AZ・近接配置,クラスタープレイスメントグループは単一のAZ内でインスタンスを物理的に近接させて配置しノード間の低レイテンシかつ高スループットなネットワーク通信を実現します。
スプレッドプレイスメントグループ,少数のミッションクリティカルなEC2インスタンスが同じハードウェア障害を共有しないように物理的に分離して配置してください。,管理者|スプレッドプレイスメントグループ|EC2 (A)|EC2 (B)|ALB,管理者|スプレッドプレイスメントグループ|EC2 (A)|EC2 (B),管理者>スプレッドプレイスメントグループ:起動指定|スプレッドプレイスメントグループ>EC2 (A):別ラック配置|スプレッドプレイスメントグループ>EC2 (B):別ラック配置,スプレッドプレイスメントグループは各インスタンスを別々のラック(個別のネットワークと電源を持つ)に配置し同時障害のリスクを厳密に低減します。
RDS IAMデータベース認証,RDS MySQLへの接続においてパスワードを使用せずIAMロールに基づく一時的な認証トークンを使用してください。,EC2 (IAM Role)|RDS|IAM|Secrets Manager|KMS,EC2 (IAM Role)|RDS|IAM,EC2 (IAM Role)>IAM:認証トークン生成|EC2 (IAM Role)>RDS:トークンでログイン許可,IAMデータベース認証を有効にするとDBパスワードを管理・保存することなくIAMの権限(一時的な認証トークン)を用いてセキュアにRDSへ接続できます。
Aurora Serverless v2,ベースラインの負荷が存在しつつも突発的にスパイクするDBワークロードに対してミリ秒単位で容量をスケールさせてください。,アプリ|Aurora Serverless v2|RDS Proxy|EC2|DynamoDB,アプリ|Aurora Serverless v2,アプリ>Aurora Serverless v2:クエリ実行と自動スケール,Aurora Serverless v2は瞬時に細かな単位(ACU)でコンピュート容量をスケールアップ・ダウンし要件の厳しい可変ワークロードのコストとパフォーマンスを最適化します。
DynamoDBのPITR,誤ってDynamoDBのテーブルデータを上書きしてしまった場合に過去35日間の任意の秒単位の時点へテーブルを復元できるようにしてください。,管理者|DynamoDB|PITR|S3|Backup,管理者|DynamoDB|PITR,管理者>PITR:復元ポイント指定|PITR>DynamoDB:新規テーブルへ復元,DynamoDBのポイントインタイムリカバリ(PITR)を有効化すると過去35日間の任意の秒単位の時点にテーブルのデータを新規テーブルとして復元できます。
AWS Backup Vault Lock,ランサムウェアや悪意のある管理者からバックアップデータを保護するため一度設定したら削除できないイミュータブルなバックアップボールトを作成してください。,管理者|AWS Backup|Vault Lock|EBS|KMS,管理者|AWS Backup|Vault Lock|EBS,AWS Backup>EBS:バックアップ取得|AWS Backup>Vault Lock:削除・改ざん防止,AWS Backup Vault Lockをコンプライアンスモードで有効化すると保持期間が終了するまでいかなるユーザーもバックアップデータを削除したりライフサイクルを変更できなくなります。
Lambdaコンテナイメージ,既存の開発ツールやCI/CDパイプラインを流用するため最大10GBのDockerコンテナイメージをLambda関数としてデプロイしてください。,開発者|ECR|Lambda|API Gateway|S3,開発者|ECR|Lambda,開発者>ECR:イメージPush|ECR>Lambda:イメージ展開・実行,AWS Lambdaはコンテナイメージ(最大10GB)をサポートしており既存のDockerベースの開発ワークフローを利用して巨大な依存関係を持つ関数を実行できます。
Lambdaのプロビジョニングされた同時実行,Javaで書かれたLambda関数のコールドスタートによる初回レイテンシを排除しスパイクアクセスに瞬時に応答してください。,API Gateway|Lambda|Provisioned Concurrency|DynamoDB|SQS,API Gateway|Lambda|Provisioned Concurrency,API Gateway>Lambda:高速ルーティング|Provisioned Concurrency>Lambda:実行環境の事前ウォーム,プロビジョニングされた同時実行(Provisioned Concurrency)を設定すると指定した数のLambda実行環境が常に初期化された状態で待機しコールドスタートを完全に回避できます。
API Gatewayのキャッシュ,バックエンドの負荷を下げるためAPI Gatewayレベルでレスポンスを一定時間キャッシュしてクライアントへ高速に返却してください。,クライアント|API Gateway|キャッシュクラスター|Lambda|ElastiCache,クライアント|API Gateway|キャッシュクラスター|Lambda,クライアント>API Gateway:リクエスト|API Gateway>キャッシュクラスター:ヒット確認(ヒット時返却)|API Gateway>Lambda:ミス時バックエンド実行,API GatewayでAPIキャッシュを有効にすると設定したTTLの間はバックエンドを呼び出さずにキャッシュされたレスポンスを直接返しレイテンシと負荷を劇的に低減します。
API Gatewayのカナリアリリース,APIの新しいバージョンを展開する際一部のトラフィックのみを新しいデプロイメントにルーティングして安全性を確認してください。,クライアント|API Gateway|Lambda (V1)|Lambda (V2)|Route 53,クライアント|API Gateway|Lambda (V1)|Lambda (V2),クライアント>API Gateway:API呼び出し|API Gateway>Lambda (V1):主トラフィック|API Gateway>Lambda (V2):カナリアトラフィック,API Gatewayのカナリアリリースのデプロイメントを使用すると指定したパーセンテージのトラフィックだけを新しいAPIバージョンにルーティングしリスクを抑えてテストできます。
CloudFrontの署名付きCookie,有料会員向けに複数の動画ファイルへのアクセスを許可したいですがURLごとに署名を発行するのは煩雑です。一括で許可してください。,ユーザー|CloudFront|署名付きCookie|S3|EC2,ユーザー|CloudFront|署名付きCookie|S3,ユーザー>署名付きCookie:認証後取得|署名付きCookie>CloudFront:一括アクセス許可|CloudFront>S3:コンテンツ配信,CloudFrontの署名付きCookieを使用すると特定のプレフィックスや複数のファイルに対するアクセス権を1つのCookieで一括して付与できURLを変えずにセキュア配信が可能です。
CloudFrontのフィールドレベル暗号化,ユーザーから送信されるクレジットカード番号などをエッジで暗号化し特定のバックエンドのみが復号できるように保護してください。,ユーザー|CloudFront|フィールドレベル暗号化|EC2 (決済系)|WAF,ユーザー|CloudFront|フィールドレベル暗号化|EC2 (決済系),ユーザー>CloudFront:POST送信|CloudFront>フィールドレベル暗号化:特定フィールドの暗号化|フィールドレベル暗号化>EC2 (決済系):暗号化済みデータ転送,CloudFrontのフィールドレベル暗号化を使用するとPOSTリクエスト内の特定のデータフィールドをエッジで公開鍵暗号化し秘密鍵を持つ特定のサーバーのみがデータを読み取れます。
Cognitoのカスタム属性,ユーザーのサインアップ時に「社員ID」や「部署名」など標準プロファイルにはない独自の情報を保存してください。,ユーザー|Cognito User Pool|カスタム属性|API Gateway|DynamoDB,ユーザー|Cognito User Pool|カスタム属性,ユーザー>Cognito User Pool:サインアップ|Cognito User Pool>カスタム属性:独自データの保存,Amazon Cognitoユーザープールでは標準属性に加えてカスタム属性を定義できアプリ固有のユーザー情報をディレクトリに直接保持できます。
WAFのIPレピュテーションリスト,Amazonの脅威インテリジェンスを活用して既知のボットネットや悪意のあるIPアドレスからの通信を自動的にブロックしてください。,外部トラフィック|WAF|IPレピュテーションリスト|ALB|Shield,外部トラフィック|WAF|IPレピュテーションリスト|ALB,外部トラフィック>WAF:アクセス|IPレピュテーションリスト>WAF:脅威IP情報提供|WAF>ALB:安全なリクエストのみ許可,AWS WAFのAmazon IP Reputation listマネージドルールを有効にするとAWSが収集した最新の脅威情報に基づいて悪意のあるトラフィックを自動でブロックします。
Shield Advancedの自動緩和,大規模なL7 DDoS攻撃を受けた際WAFのルールを自動的に作成・更新して攻撃トラフィックを緩和してください。,攻撃者|Shield Advanced|WAF|ALB|Route 53,攻撃者|Shield Advanced|WAF|ALB,攻撃者>Shield Advanced:DDoS検知|Shield Advanced>WAF:自動ルール適用|WAF>ALB:インフラ保護,AWS Shield Advancedの自動アプリケーションレイヤーDDoS緩和機能を有効にすると攻撃パターンを分析してWAFルールを自動的に作成し適用します。
Control Towerのランディングゾーン,ベストプラクティスに基づいたセキュアなマルチアカウントAWS環境を数回のクリックで自動セットアップしてください。,管理者|Control Tower|Organizations|SSO|EC2,管理者|Control Tower|Organizations|SSO,管理者>Control Tower:ランディングゾーン展開|Control Tower>Organizations:OU・アカウント作成|Control Tower>SSO:IDアクセス管理,AWS Control TowerはOrganizationsやIAM Identity Centerなどを活用しガードレールを備えたベストプラクティス準拠のマルチアカウント環境(ランディングゾーン)を自動構築します。
Security HubのCSPM,AWS環境全体においてCISベンチマークやPCI DSSなどのセキュリティ基準に準拠しているか継続的に自動チェックしてください。,AWS環境|Security Hub|Config|EventBridge|Macie,AWS環境|Security Hub|Config,AWS環境>Config:リソース状態記録|Config>Security Hub:セキュリティ基準評価,AWS Security Hubはクラウドセキュリティポスチャ管理(CSPM)サービスでありAWS Configルールの評価を集約して各種コンプライアンス基準への準拠状況を一元的にスコアリングします。
IAM Access Analyzer,S3バケットやKMSキーが意図せず外部のAWSアカウントやパブリックに公開されていないか数学的証明を用いて分析してください。,IAM Access Analyzer|S3|KMS|EventBridge|CloudTrail,IAM Access Analyzer|S3|KMS,IAM Access Analyzer>S3:リソースベースポリシー分析|IAM Access Analyzer>KMS:リソースベースポリシー分析,IAM Access Analyzerは自動推論(数学的ロジック)を使用してリソースベースのポリシーを分析し組織外からアクセス可能なリソースを迅速に特定します。
EventBridge Scheduler,数百万の個別のタスク(例: ユーザーごとの通知送信など)をそれぞれ指定した日時に正確に一回だけ実行する構成を作成してください。,アプリ|EventBridge Scheduler|Lambda|SQS|CloudWatch,アプリ|EventBridge Scheduler|Lambda,アプリ>EventBridge Scheduler:スケジュール登録|EventBridge Scheduler>Lambda:指定日時に発火,Amazon EventBridge Schedulerはタイムゾーンをサポートし数百万のスケジューリングされたタスクを大規模かつ高い精度で管理・実行するためのサーバーレスサービスです。
S3マルチパートアップロード,100GBの巨大なファイルをS3にアップロードする際ネットワークの瞬断に備え並列で高速にアップロードしてください。,クライアント|S3|マルチパートAPI|Direct Connect|Storage Gateway,クライアント|S3|マルチパートAPI,クライアント>マルチパートAPI:分割アップロード|マルチパートAPI>S3:並列保存・結合,S3のマルチパートアップロードを使用すると巨大なオブジェクトを小さなパートに分割して並列アップロードでき失敗したパートのみの再試行が可能になります(100MB以上で推奨)。
FSx for Lustre,機械学習モデルのトレーニングなどで使用する数百万のファイルに対してミリ秒未満のレイテンシと数百GB/sのスループットを提供してください。,EC2 (GPU)|FSx for Lustre|S3|EFS|EBS,EC2 (GPU)|FSx for Lustre|S3,S3>FSx for Lustre:データ遅延読み込み|EC2 (GPU)>FSx for Lustre:超高速並列アクセス,Amazon FSx for Lustreはハイパフォーマンスコンピューティング(HPC)や機械学習に最適化された並列ファイルシステムでありS3とネイティブに連携してデータを透過的に処理できます。
FSx for NetApp ONTAP,オンプレミスで使用しているNetAppの重複排除やスナップショット等の高度なストレージ管理機能をAWS上でもそのまま利用してください。,EC2|FSx for ONTAP|Storage Gateway|EFS|S3,EC2|FSx for ONTAP,EC2>FSx for ONTAP:NFS/SMB/iSCSIマウント,Amazon FSx for NetApp ONTAPはマルチプロトコル(NFS/SMB/iSCSI)をサポートしONTAPの高度なデータ管理機能をフルマネージドで提供します。
File Gatewayの活用,オンプレミスのアプリから標準的なNFS/SMBプロトコルを使用してS3バケットのオブジェクトを透過的に読み書きしてください。,オンプレミス|File Gateway|S3|EBS|EFS,オンプレミス|File Gateway|S3,オンプレミス>File Gateway:NFS/SMB通信|File Gateway>S3:オブジェクト変換・保存,AWS Storage Gatewayのファイルゲートウェイを使用するとローカルのファイルサーバーとしてキャッシュを提供しつつバックエンドのS3とシームレスに同期します。
Tape Gatewayの活用,オンプレミスの物理テープライブラリを廃止し既存のバックアップソフトを変更せずにAWSへバックアップしてください。,オンプレミス|Tape Gateway|Glacier|S3 Standard|EBS,オンプレミス|Tape Gateway|Glacier,オンプレミス>Tape Gateway:iSCSI(VTL)通信|Tape Gateway>Glacier:仮想テープアーカイブ,テープゲートウェイは仮想テープライブラリ(VTL)インターフェースを提供し既存のバックアップジョブをそのまま利用してS3 Glacier等の低コストストレージにアーカイブできます。
Direct Connect MACsec,専用線経由でAWSに転送されるすべてのデータが回線上で傍受されるのを防ぐためレイヤー2レベルで強力に暗号化してください。,オンプレミスルーター|Direct Connect|MACsec|VPC|VPN,オンプレミスルーター|Direct Connect|MACsec|VPC,オンプレミスルーター>MACsec:L2暗号化|MACsec>Direct Connect:セキュア通信|Direct Connect>VPC:接続,一部のAWS Direct ConnectポートはMACsec(IEEE 802.1AE)をサポートしており専用線上でのレイヤー2レベルのデータ整合性と機密性を確保できます。
Site-to-Site VPNのアクセラレーション,海外拠点からAWSへのIPsec VPN接続がインターネットの品質に依存して不安定です。通信品質を改善してください。,海外拠点|Global Accelerator|Site-to-Site VPN|VPC|Transit Gateway,海外拠点|Global Accelerator|Site-to-Site VPN|VPC,海外拠点>Global Accelerator:Anycast最寄りエッジ接続|Global Accelerator>Site-to-Site VPN:AWS網内転送|Site-to-Site VPN>VPC:IPsec終端,Accelerated Site-to-Site VPNを有効にするとトラフィックがAWS Global Acceleratorのエッジを経由してAWSグローバルネットワークを通るため遅延とパケットロスが改善されます。
AWS Client VPN,リモートワーカーが自宅のPCからVPNクライアントソフトウェアを使用してVPC内のプライベートリソースに安全にアクセスできるようにしてください。,リモートワーカー|Client VPN|VPC|Active Directory|Internet Gateway,リモートワーカー|Client VPN|VPC|Active Directory,リモートワーカー>Client VPN:TLS接続|Client VPN>Active Directory:認証|Client VPN>VPC:リソースアクセス,AWS Client VPNはOpenVPNベースのフルマネージド型リモートアクセスVPNサービスでありActive Directory等と連携してユーザーのセキュアなアクセスを提供します。
Route 53 DNSSECの有効化,DNSクエリが中間者攻撃によって改ざんされるのを防ぐためDNS応答に暗号化署名を追加してください。,ユーザー|Route 53|DNSSEC|KMS|ALB,ユーザー|Route 53|DNSSEC|KMS,ユーザー>Route 53:DNSクエリ|Route 53>DNSSEC:署名検証|DNSSEC>KMS:キー使用,DNSSECを有効化しKMSの非対称キーで署名することでDNS情報の完全性と送信元認証を保証します。
Route 53 ResolverのハイブリッドDNS,オンプレミスからVPC内の名前解決(AmazonProvidedDNS)を行い逆にVPCからオンプレミスの独自ドメインを名前解決してください。,オンプレミス|Route 53 Resolver|VPC|Direct Connect|API Gateway,オンプレミス|Route 53 Resolver|VPC|Direct Connect,オンプレミス>Direct Connect:通信|Direct Connect>Route 53 Resolver:Inbound/Outbound転送|Route 53 Resolver>VPC:相互名前解決,Route 53 Resolverのインバウンド/アウトバウンドエンドポイントを利用することで専用線経由でオンプレミスとVPC間のシームレスな双方向DNS名前解決が可能になります。
ELBのクロスゾーン負荷分散,AZごとのEC2インスタンス数に偏りがある場合でもすべてのインスタンスに均等にトラフィックを分散させてください。,ユーザー|ALB|EC2 (AZ-A 1台)|EC2 (AZ-B 3台)|Route 53,ユーザー|ALB|EC2 (AZ-A 1台)|EC2 (AZ-B 3台),ユーザー>ALB:トラフィック|ALB>EC2 (AZ-A 1台):均等転送|ALB>EC2 (AZ-B 3台):均均等転送,クロスゾーン負荷分散(ALBではデフォルト有効)を使用するとロードバランサーはAZの境界を越えてバックエンドの全インスタンスへ均等にリクエストを分配します。
ALBのパスベースルーティング,URLのパスが「/api/」へのアクセスはECSタスク群へ「/images/」へのアクセスは別EC2群へ単一のALBで振り分けてください。,ユーザー|ALB|ECS (API)|EC2 (Images)|NLB,ユーザー|ALB|ECS (API)|EC2 (Images),ユーザー>ALB:リクエスト|ALB>ECS (API):パス合致転送|ALB>EC2 (Images):パス合致転送,Application Load Balancer (ALB) はレイヤー7で動作しURLのパスやホスト名などの条件に基づいて異なるターゲットグループへ柔軟にトラフィックをルーティングできます。
NLBの静的IP(Elastic IP),外部のパートナー企業がファイアウォールのホワイトリストに登録できるようIPアドレスが変わらないロードバランサーを提供してください。,パートナー|NLB|Elastic IP|EC2|ALB,パートナー|NLB|Elastic IP|EC2,パートナー>Elastic IP:固定IPアクセス|Elastic IP>NLB:バインド|NLB>EC2:トラフィック転送,Network Load Balancer (NLB) はサブネットごとに1つの固定されたElastic IPアドレスを割り当てることができるため厳密なIPホワイトリストの要件を満たすことができます。
Gateway Load Balancer (GWLB),サードパーティ製の仮想ファイアウォールアプライアンスをスケール可能かつ透過的にネットワーク経路に挿入してください。,VPC|GWLB|アプライアンスEC2|Transit Gateway|NAT Gateway,VPC|GWLB|アプライアンスEC2,VPC>GWLB:Geneveトンネリング送信|GWLB>アプライアンスEC2:透過的インスペクション,Gateway Load BalancerはGENEVEプロトコルを使用してL3で透過的に動作しサードパーティ製のセキュリティアプライアンスのデプロイとスケーリングを容易にします。
ECSタスクロールの活用,ECS上のコンテナがS3バケットにアクセスする際EC2インスタンス自体の権限を拡張せずコンテナ専用の権限を与えてください。,コンテナ|ECSタスクロール|S3|EC2インスタンスプロファイル|IAM,コンテナ|ECSタスクロール|S3,コンテナ>ECSタスクロール:一時認証取得|ECSタスクロール>S3:アクセス許可,ECSではコンテナの起動・管理用のタスク実行ロールとは別にアプリケーション用のタスクロールを指定できコンテナごとの最小権限の原則を実現できます。
ECSサービスAuto Scaling,コンテナの平均CPU使用率が70%を超えた場合に自動でタスク(コンテナ)数を増やしてトラフィックに対応してください。,CloudWatch|ECSサービス|Application Auto Scaling|ALB|EC2,CloudWatch|ECSサービス|Application Auto Scaling,CloudWatch>Application Auto Scaling:CPUメトリクスアラーム|Application Auto Scaling>ECSサービス:タスク数調整,Application Auto Scalingを使用しターゲット追跡ポリシーを設定することで指定したメトリクス(CPU等)を維持するようにECSサービスのタスク数が自動で増減します。
Fargate Spotの活用,一時的に中断されても問題のないバッチ処理や画像変換処理のコンテナ実行コストを最大70%削減してください。,ECS|Fargate Spot|S3|Auto Scaling|EC2,ECS|Fargate Spot|S3,ECS>Fargate Spot:タスク起動|Fargate Spot>S3:データ処理,AWS Fargate Spotを使用するとAWSの空きコンピュート容量を利用してコンテナを実行できオンデマンドのFargateに比べて大幅なコスト削減が可能です(中断リスクあり)。
ECRのイメージスキャン,開発者がDockerイメージをECRにプッシュした直後に既知のCVE(共通脆弱性識別子)が含まれていないか自動で検査してください。,開発者|ECR|イメージスキャン機能|SNS|CodeBuild,開発者|ECR|イメージスキャン機能|SNS,開発者>ECR:Push|ECR>イメージスキャン機能:自動スキャン発火|イメージスキャン機能>SNS:検知結果通知,Amazon ECRのプッシュ時スキャン機能を有効にするとイメージがリポジトリに保存された際に自動的に脆弱性スキャン(Inspector統合)が実行されます。
ECRのライフサイクルポリシー,古い開発用コンテナイメージが蓄積してストレージコストが増加しているため最新の30個のみ保持するルールを適用してください。,ECR|ライフサイクルポリシー|古いイメージ|S3|CloudWatch,ECR|ライフサイクルポリシー|古いイメージ,ライフサイクルポリシー>ECR:ルール評価|ECR>古いイメージ:自動削除,ECRのライフサイクルポリシーを設定することでイメージの数やプッシュからの経過日数に基づき不要なイメージを自動的に期限切れにして削除できます。
CloudWatch Synthetics,実際のユーザーブラウザ操作をエミュレートしWebサイトのサインインフローが正常に機能しているか5分おきに監視してください。,CloudWatch Synthetics|カナリアスクリプト|Webサイト|SNS|Lambda,CloudWatch Synthetics|カナリアスクリプト|Webサイト|SNS,CloudWatch Synthetics>カナリアスクリプト:定期実行|カナリアスクリプト>Webサイト:UI操作エミュレート|カナリアスクリプト>SNS:失敗時アラート,CloudWatch SyntheticsのCanaryを使用するとスクリプトを実行し外部からのエンドポイントとUIワークフローを継続的に監視できます。
X-Rayによる分散トレーシング,マイクロサービスアーキテクチャにおいてリクエストが複数のAPIやDBを通過する際のボトルネックやエラー箇所を視覚化してください。,API Gateway|Lambda|X-Ray|DynamoDB|CloudWatch Logs,API Gateway|Lambda|X-Ray|DynamoDB,API Gateway>X-Ray:トレースデータ送信|Lambda>X-Ray:トレースデータ送信|X-Ray>DynamoDB:依存関係マップ生成,AWS X-Rayを使用すると分散アプリケーションを通過するリクエストのエンドツーエンドの経路をトレースしサービスマップとして可視化してパフォーマンスのボトルネックを特定できます。
AWS Service Catalog,社内の各チームが勝手にリソースを作成するのを防ぎセキュリティ基準を満たした承認済みのインフラ構成のみを展開できるようにしてください。,管理者|Service Catalog|ポートフォリオ|開発チーム|CloudFormation,管理者|Service Catalog|ポートフォリオ|開発チーム,管理者>Service Catalog:製品登録|Service Catalog>ポートフォリオ:アクセス権付与|開発チーム>ポートフォリオ:承認済みリソース展開,AWS Service Catalogを使用すると組織は標準化・承認されたITサービスのカタログ(CloudFormationテンプレート等)を作成し一元的に管理・提供できます。
CloudFormation StackSets,企業内の数十のAWSアカウントに対して同じIAMロールやCloudTrailのベースライン設定を一度の操作で展開してください。,管理者|StackSets|Organizations|メンバーアカウント|CodeDeploy,管理者|StackSets|Organizations|メンバーアカウント,管理者>StackSets:テンプレートデプロイ|StackSets>Organizations:OU指定|StackSets>メンバーアカウント:一括スタック作成,AWS CloudFormation StackSetsをAWS Organizationsと統合すると1回の操作で複数のアカウントやリージョン全体に統一されたリソース構成を自動展開できます。
Elastic Disaster Recovery (DRS),オンプレミスの物理サーバー群を継続的にブロックレベルでAWSへレプリケーションしRPOが数秒のDR環境を構築してください。,オンプレミス|AWS DRS|S3|EC2|Storage Gateway,オンプレミス|AWS DRS|S3|EC2,オンプレミス>AWS DRS:エージェント同期|AWS DRS>S3:低コスト状態維持|AWS DRS>EC2:フェイルオーバー時起動,AWS Elastic Disaster Recovery (DRS) はオンプレミス環境のブロックレベルの継続的レプリケーションを提供し災害発生時に迅速なRTO/RPOでAWS上のEC2として復旧させます。
AWS Migration Hub,複数の移行ツールを用いたオンプレミスからAWSへの大規模移行プロジェクトにおいてサーバーごとの進捗状況を一元的なダッシュボードで追跡してください。,移行ツール|Migration Hub|オンプレミス|EC2|Athena,移行ツール|Migration Hub|オンプレミス,オンプレミス>移行ツール:データ移行|移行ツール>Migration Hub:ステータス報告,AWS Migration HubはAWSやパートナーの多様な移行ツールの状態を集約しアプリケーションポートフォリオ全体の移行進捗を単一の画面で追跡・管理するためのサービスです。
Application Discovery Service,オンプレミス環境のサーバーの依存関係やパフォーマンスデータを長期間収集しAWSへの移行計画（サイジング等）に役立ててください。,オンプレミス|Discovery Agent|Discovery Service|Migration Hub|EC2,オンプレミス|Discovery Agent|Discovery Service|Migration Hub,オンプレミス>Discovery Agent:情報収集|Discovery Agent>Discovery Service:データ送信|Discovery Service>Migration Hub:連携・可視化,AWS Application Discovery Serviceはオンプレミスサーバーの利用状況と依存関係のデータを収集し効率的で正確な移行計画の策定を支援します。
Database Migration Service (DMS),オンプレミスのOracle DBから稼働中のアプリを停止することなく継続的データレプリケーション(CDC)を用いてAmazon Auroraへ移行してください。,Oracle (主)|AWS DMS|Aurora (副)|SCT|DataSync,Oracle (主)|AWS DMS|Aurora (副),Oracle (主)>AWS DMS:CDC抽出|AWS DMS>Aurora (副):データ反映,AWS Database Migration Service (DMS) を使用するとソースDBを稼働させたまま初期ロードと継続的データレプリケーション(CDC)を実行しダウンタイムを最小限に抑えてDB移行が可能です。
Schema Conversion Tool (SCT),商用のOracle DBからオープンソースベースのAurora PostgreSQLへ移行するにあたり互換性のないスキーマやストアドプロシージャを自動変換してください。,Oracle (ソース)|AWS SCT|Aurora (ターゲット)|DMS|Glue,Oracle (ソース)|AWS SCT|Aurora (ターゲット),Oracle (ソース)>AWS SCT:スキーマ評価|AWS SCT>Aurora (ターゲット):変換スキーマ適用,AWS Schema Conversion Tool (SCT) は異種データベース間の移行においてデータベーススキーマやビューなどをターゲットの形式に自動的に変換または評価レポートを作成します。
EMR Serverless,インフラのチューニングやクラスターのプロビジョニングを行わずにApache SparkやHiveのジョブをペタバイト級のデータに対して実行してください。,開発者|EMR Serverless|S3|Glue|EC2,開発者|EMR Serverless|S3,開発者>EMR Serverless:ジョブ送信|EMR Serverless>S3:データ読み書き,Amazon EMR Serverlessは基盤となるクラスターのサイジングや管理を不要にし要求されたデータ処理フレームワークのジョブをオンデマンドでスケール・実行します。
AWS Glue DataBrew,データアナリストがコードを記述することなく視覚的なインターフェースでS3の生データをクレンジング・正規化できるようにしてください。,S3 (生データ)|Glue DataBrew|S3 (クレンジング済)|Athena|EMR,S3 (生データ)|Glue DataBrew|S3 (クレンジング済),S3 (生データ)>Glue DataBrew:データインポート|Glue DataBrew>S3 (クレンジング済):視覚的変換プロファイル実行,AWS Glue DataBrewはコード不要のビジュアルデータ準備ツールでありデータサイエンティストやアナリストがGUI上でデータのクレンジングや変換を容易に行うことができます。
QuickSightのSPICE,BIダッシュボードの表示が遅いです。バックエンドのDBに直接クエリを投げずインメモリエンジンを活用して超高速に可視化してください。,RDS|QuickSight|SPICE|S3|Redshift,RDS|QuickSight|SPICE,RDS>SPICE:データインポート(同期)|SPICE>QuickSight:超高速レンダリング,Amazon QuickSightのSPICEにデータをインポートすることでバックエンドの負荷を下げつつダッシュボードの応答速度を劇的に向上させます。
Cognito M2M認証,サーバー間のバックエンドAPI通信においてOAuth 2.0を用いたマシンツーマシンのセキュアな認証を実装してください。,アプリA|Cognito User Pool|API Gateway|アプリB|RDS,アプリA|Cognito User Pool|API Gateway|アプリB,アプリA>Cognito User Pool:トークン取得|アプリA>API Gateway:トークン付き通信|API Gateway>アプリB:実行許可,Cognitoユーザープールのクライアントクレデンシャルグラントフローを使用することでユーザーの介在しないM2M(Machine-to-Machine)認証を実装できます。
KMSの非対称キー,データの暗号化ではなく電子署名の生成と検証のために公開鍵と秘密鍵のペアをAWS KMSで安全に管理してください。,アプリ|KMS (非対称)|公開鍵|秘密鍵|S3,アプリ|KMS (非対称)|公開鍵|秘密鍵,アプリ>KMS (非対称):署名検証要求|KMS (非対称)>公開鍵:検証利用|KMS (非対称)>秘密鍵:署名生成(KMS内),AWS KMSは非対称暗号化キーをサポートしておりRSAやECCの鍵ペアを利用したセキュアなデジタル署名の生成と検証のプロセスをクラウド内で管理できます。
AWS CloudHSM,コンプライアンス上FIPS 140-2 レベル3に認定されたシングルテナントのハードウェアセキュリティモジュールで暗号鍵を完全な管理下においてください。,VPC|CloudHSM|アプリ|KMS|Secrets Manager,VPC|CloudHSM|アプリ,アプリ>VPC:ネットワーク通信|VPC>CloudHSM:専用ハードウェアで暗号化処理,AWS CloudHSMはクラウド内で専用のHWMを提供しユーザーが排他的な制御を持つため最も厳格なセキュリティおよびコンプライアンス要件に対応できます。
ACMによる証明書の自動更新,ALBに設定しているSSL/TLS証明書の有効期限切れを防ぐため無料の証明書を発行しDNS検証を用いて自動更新させてください。,Route 53|ACM|ALB|EC2|KMS,Route 53|ACM|ALB,ACM>Route 53:DNS検証(自動)|ACM>ALB:証明書アタッチと自動更新,AWS Certificate Manager (ACM) はパブリックSSL/TLS証明書を無料で提供しDNS検証により証明書のプロビジョニングと自動更新をマネージドで行います。
IAM Identity Center,複数アカウント環境において各アカウントごとのIAMユーザー管理を廃止し単一のポータルから全アカウントへSSO(シングルサインオン)させてください。,ユーザー|Identity Center|Organizations|アカウントA|アカウントB,ユーザー|Identity Center|Organizations|アカウントA|アカウントB,ユーザー>Identity Center:ログイン|Identity Center>Organizations:構成参照|Identity Center>アカウントA:連携アクセス|Identity Center>アカウントB:連携アクセス,AWS IAM Identity Center (旧 SSO) はAWS Organizationsと統合され全アカウントやアプリケーションへの集中管理されたシングルサインオンアクセスを提供します。
AWS Budgetsによるコストアラート,プロジェクトの月間予算が1000ドルを超えそうだと予測された時点で直ちに管理者に通知を送信してください。,AWS Budgets|SNS|管理者|Cost Explorer|CloudWatch,AWS Budgets|SNS|管理者,AWS Budgets>SNS:予測超過アラート発砲|SNS>管理者:通知配信,AWS Budgetsを使用するとカスタム予算を設定でき実際のコストや予測コストがしきい値を超えた場合にSNSを介してアラートを発砲し迅速なコスト管理が可能になります。
Compute Optimizerの活用,過去14日間のリソース使用率の履歴から現在過剰にプロビジョニングされているEC2インスタンスを特定し最適なインスタンスタイプを提案してください。,CloudWatch|Compute Optimizer|EC2|管理者|Cost Explorer,CloudWatch|Compute Optimizer|EC2|管理者,CloudWatch>Compute Optimizer:メトリクス分析|Compute Optimizer>EC2:最適サイズ評価|Compute Optimizer>管理者:コスト削減推奨,AWS Compute Optimizerは機械学習を使用して過去のCloudWatchメトリクスを分析しEC2などのワークロードに最適なリソース設定とコスト削減の推奨事項を提供します。
S3のVPCエンドポイントポリシー,VPC内のEC2がS3エンドポイント経由で自社のバケットにはアクセスできるが他社の公開S3バケットにはアクセスできないように制限してください。,EC2|VPC Endpoint|VPC Endpointポリシー|自社S3|他社S3,EC2|VPC Endpoint|VPC Endpointポリシー|自社S3,EC2>VPC Endpoint:通信|VPC Endpoint>VPC Endpointポリシー:アクセス評価|VPC Endpointポリシー>自社S3:許可(他社は拒否),VPCエンドポイントポリシーを使用するとそのエンドポイントを経由するトラフィックに対して特定の自社S3バケットへのアクセスのみを許可するよう厳密に制限できます。
Amazon MSKの導入,既存のApache Kafkaを利用したストリーミングアプリをコード変更なしでAWSのフルマネージド環境へ移行してください。,プロデューサー|Amazon MSK|コンシューマー|S3|Zookeeper,プロデューサー|Amazon MSK|コンシューマー,プロデューサー>Amazon MSK:トピック送信|Amazon MSK>コンシューマー:メッセージ消費,Amazon MSKを使用するとオープンソースのApache Kafkaクラスターをインフラ管理のオーバーヘッドなしで高可用にデプロイ・運用できます。